process_execution_frequency,network_connection_frequency,unique_processes,unique_destinations,unique_destination_ports,process_burst,network_burst,process_diversity,destination_diversity,process_network_ratio,new_processes_ratio,new_destination_ratio,established_ratio,syn_sent_ratio,closed_ratio,ioc_matches,attack_type,label,v4_prediction,v4_isolation_score,ml_component,behavior_component,temporal_persistence,v5_ensemble_score,v5_risk_score,v5_prediction,v5_severity,v5_1_prediction,v5_1_severity,v5_1_response
1.0,0.0,1.0,0.0,0.0,0.1667,0.0,1.0,0.0,1.0,1.0,0.0,0.0,0.0,0.0,0.0,normal,0,0,0.214101498827036,0.1297198919802611,0.0385554878111522,0.0,0.0809848125419316,8.098481254193167,0,LOW,0,LOW,ALLOW
2.0,0.0,2.0,0.0,0.0,0.3333,0.0,1.0,0.0,2.0,0.5,0.0,0.0,0.0,0.0,0.0,normal,0,0,0.1825544725916962,0.2025318082762684,0.022728162487655,0.0,0.1170745351738614,11.707453517386142,0,LOW,0,LOW,ALLOW
1.0,0.0,1.0,0.0,0.0,0.1667,0.0,1.0,0.0,1.0,0.0,0.0,0.0,0.0,0.0,0.0,normal,0,0,0.2703048930477036,0.0,0.0101463969020613,0.0,0.0025365992255153,0.2536599225515336,0,LOW,0,LOW,ALLOW
3.0714714518561843,0.0,2.109174955254114,5.0,2.0,0.5418793680902682,2.5,0.6804906167408051,0.7,2.91692164718352,0.3541752019923687,0.8,0.0,0.0,0.0,0.0,network_burst,1,1,-0.0079088388412364,0.6421294611916408,0.1712501911269357,0.2,0.4359837514371364,43.59837514371364,0,LOW,1,MEDIUM,MONITOR
3.7598205213280464,0.0,3.129244277769481,0.0,0.0,2.5,0.0,0.9795156387649882,0.0,0.9977168090703068,0.8,0.0,0.0,0.0,0.0,0.0,process_burst,1,0,0.0816789052881741,0.4353570295197306,0.0819256237631441,0.0,0.2599277721766379,25.992777217663793,0,LOW,0,LOW,ALLOW
3.0497869572393363,0.0,5.0,0.0,0.0,2.0,0.0,1.007501532507441,0.0,6.0,0.0,0.0,0.0,0.0,0.0,0.0,collection,1,0,0.038459290289164,0.5351097911961492,0.0631151291276823,0.0,0.3100891674398027,31.00891674398027,0,LOW,0,LOW,ALLOW
2.0,3.0,2.0,3.0,2.0,0.3333,0.5,1.0,1.0,0.6667,1.0,0.6667,0.0,0.0,0.0,0.0,normal,0,0,0.0237539425388572,0.5690503769588595,0.2000151651830926,0.0,0.3629814986231459,36.29814986231459,0,LOW,1,MEDIUM,MONITOR
1.0,0.0,1.0,0.0,0.0,0.1667,0.0,1.0,0.0,1.0,0.0,0.0,0.0,0.0,0.0,0.0,normal,0,0,0.2703048930477036,0.0,0.0101463969020613,0.0,0.0025365992255153,0.2536599225515336,0,LOW,0,LOW,ALLOW
1.0,0.0,1.0,0.0,0.0,0.1667,0.0,1.0,0.0,1.0,0.0,0.0,0.0,0.0,0.0,0.0,normal,0,0,0.2703048930477036,0.0,0.0101463969020613,0.0,0.0025365992255153,0.2536599225515336,0,LOW,0,LOW,ALLOW
4.0,1.0,2.0,1.0,1.0,0.6667,0.1667,0.5,1.0,4.0,0.25,1.0,0.0,0.0,0.0,0.0,normal,0,0,0.0778208957236789,0.4442614843289937,0.1713275587646591,0.0,0.2871757060721113,28.717570607211133,0,LOW,0,LOW,ALLOW
1.0,0.0,1.0,0.0,0.0,0.1667,0.0,1.0,0.0,1.0,0.0,0.0,0.0,0.0,0.0,0.0,normal,0,0,0.2703048930477036,0.0,0.0101463969020613,0.0,0.0025365992255153,0.2536599225515336,0,LOW,0,LOW,ALLOW
1.0,0.0,1.0,0.0,0.0,0.1667,0.0,1.0,0.0,1.0,0.0,0.0,0.0,0.0,0.0,0.0,normal,0,0,0.2703048930477036,0.0,0.0101463969020613,0.0,0.0025365992255153,0.2536599225515336,0,LOW,0,LOW,ALLOW
0.0,2.7450103844109255,0.0,7.0,3.0,0.0,0.160439223859222,0.0,1.0466248949119092,0.0,0.0,0.9439159184404184,0.0,0.0,0.0,0.0,discovery,1,1,-0.0226825069804955,0.6762277334001222,0.2907632159266781,0.2,0.4846160573517368,48.46160573517368,0,MEDIUM,1,MEDIUM,MONITOR
2.0,0.0,2.0,0.0,0.0,0.3333,0.0,1.0,0.0,2.0,0.5,0.0,0.0,0.0,0.0,0.0,normal,0,0,0.1825544725916962,0.2025318082762684,0.022728162487655,0.0,0.1170745351738614,11.707453517386142,0,LOW,0,LOW,ALLOW
2.475368793909144,0.0,0.9929205174386072,0.0,0.0,2.0,2.0,0.9330157204175624,0.0,0.965383891038445,0.0,0.0,0.0,0.0,0.0,2.0,ioc_activity,1,0,0.0839224461994981,0.4301788389725975,0.0517558393543689,0.0,0.2495373212735209,24.95373212735209,0,LOW,0,LOW,ALLOW
2.3494783557965975,0.0,1.0312095210122358,0.0,0.0,2.0,2.0,1.0389065582572763,0.0,0.931947693524542,0.0,0.0,0.0,0.0,0.0,2.0,ioc_activity,1,0,0.0853308694865607,0.426928136427073,0.0491007935545158,0.0,0.2470856734235191,24.708567342351913,0,LOW,0,LOW,ALLOW
1.0,0.0,1.0,0.0,0.0,0.1667,0.0,1.0,0.0,1.0,0.0,0.0,0.0,0.0,0.0,0.0,normal,0,0,0.2703048930477036,0.0,0.0101463969020613,0.0,0.0025365992255153,0.2536599225515336,0,LOW,0,LOW,ALLOW
1.0,0.0,1.0,0.0,0.0,0.1667,0.0,1.0,0.0,1.0,0.0,0.0,0.0,0.0,0.0,0.0,normal,0,0,0.2703048930477036,0.0,0.0101463969020613,0.0,0.0025365992255153,0.2536599225515336,0,LOW,0,LOW,ALLOW
2.864547321130862,0.0,6.0,6.0,2.0,2.5,2.5,0.9389675372962784,0.0,0.9967023282007362,0.8,0.8,0.0,0.0,0.0,0.0,lateral_movement,1,1,-0.0701435926796111,0.7857699949578986,0.2035020891374142,0.2,0.5230490195111978,52.304901951119774,0,MEDIUM,1,HIGH,ESCALATE
9.0,2.0,2.0,1.0,1.0,1.5,0.3333,0.2222,0.5,4.5,0.1111,0.5,0.0,0.0,0.0,0.0,normal,0,0,0.0234413509312136,0.5697718520608479,0.2303944971380919,0.0,0.3709731429179893,37.09731429179893,0,LOW,1,MEDIUM,MONITOR
3.0,0.0,2.0,0.0,0.0,0.5,0.0,0.6667,0.0,3.0,0.6667,0.0,0.0,0.0,0.0,0.0,normal,0,0,0.1367201139751483,0.3083195125807312,0.0601803510561283,0.0,0.1846208196834343,18.46208196834343,0,LOW,0,LOW,ALLOW
2.6087387929853283,0.0,1.0425772582864203,0.0,0.0,2.0,2.0,1.0698783103416878,0.0,0.9509544848195074,0.0,0.0,0.0,0.0,0.0,2.0,ioc_activity,1,0,0.0812700409805886,0.4363007062237803,0.0533563069360024,0.0,0.2533044651570798,25.330446515707983,0,LOW,0,LOW,ALLOW
1.0,0.0,1.0,0.0,0.0,0.1667,0.0,1.0,0.0,1.0,0.0,0.0,0.0,0.0,0.0,0.0,normal,0,0,0.2703048930477036,0.0,0.0101463969020613,0.0,0.0025365992255153,0.2536599225515336,0,LOW,0,LOW,ALLOW
1.0,0.0,1.0,0.0,0.0,0.1667,0.0,1.0,0.0,1.0,0.0,0.0,0.0,0.0,0.0,0.0,normal,0,0,0.2703048930477036,0.0,0.0101463969020613,0.0,0.0025365992255153,0.2536599225515336,0,LOW,0,LOW,ALLOW
1.0,0.0,1.0,0.0,0.0,0.1667,0.0,1.0,0.0,1.0,0.0,0.0,0.0,0.0,0.0,0.0,normal,0,0,0.2703048930477036,0.0,0.0101463969020613,0.0,0.0025365992255153,0.2536599225515336,0,LOW,0,LOW,ALLOW
0.9378726983345708,0.0,1.092874638978296,7.0,3.0,0.1736295154393442,0.0,1.0951795080735791,0.9,1.088676470255571,0.0,0.9,0.0,0.0,0.0,0.0,discovery,1,1,-0.0025715589845166,0.6298107858503653,0.137811701267524,0.2,0.420848857534582,42.0848857534582,0,LOW,1,MEDIUM,MONITOR
0.9809988122991636,0.0,1.0948834246217694,7.0,3.0,0.179082778951952,0.0,0.9858052242714824,0.9,0.9071797772014718,0.0,0.9,0.0,0.0,0.0,0.0,discovery,1,1,-0.0029609348943084,0.6307094824799603,0.1311476809521987,0.4,0.4596771356020279,45.96771356020279,0,MEDIUM,1,MEDIUM,MONITOR
1.0,0.0,1.0,0.0,0.0,0.1667,0.0,1.0,0.0,1.0,0.0,0.0,0.0,0.0,0.0,0.0,normal,0,0,0.2703048930477036,0.0,0.0101463969020613,0.0,0.0025365992255153,0.2536599225515336,0,LOW,0,LOW,ALLOW
1.0,0.0,1.0,0.0,0.0,0.1667,0.0,1.0,0.0,1.0,0.0,0.0,0.0,0.0,0.0,0.0,normal,0,0,0.2703048930477036,0.0,0.0101463969020613,0.0,0.0025365992255153,0.2536599225515336,0,LOW,0,LOW,ALLOW
0.0,2.391652919593413,0.0,0.955539586092642,0.973348619785992,2.0,2.0,0.0,1.0608583731753376,0.0,0.0,0.9162884962481636,0.0,0.0,0.0,2.0,ioc_activity,1,0,0.0159299794515747,0.5871084259541748,0.2690968619748861,0.0,0.3901838497685176,39.01838497685176,0,LOW,1,MEDIUM,MONITOR
1.0,0.0,1.0,0.0,0.0,0.1667,0.0,1.0,0.0,1.0,0.0,0.0,0.0,0.0,0.0,0.0,normal,0,0,0.2703048930477036,0.0,0.0101463969020613,0.0,0.0025365992255153,0.2536599225515336,0,LOW,0,LOW,ALLOW
1.0,0.0,1.0,0.0,0.0,0.1667,0.0,1.0,0.0,1.0,1.0,0.0,0.0,0.0,0.0,0.0,normal,0,0,0.214101498827036,0.1297198919802611,0.0385554878111522,0.0,0.0809848125419316,8.098481254193167,0,LOW,0,LOW,ALLOW
1.0,0.0,1.0,0.0,0.0,0.1667,0.0,1.0,0.0,1.0,0.0,0.0,0.0,0.0,0.0,0.0,normal,0,0,0.2703048930477036,0.0,0.0101463969020613,0.0,0.0025365992255153,0.2536599225515336,0,LOW,0,LOW,ALLOW
5.860742176172614,0.0,6.0,6.0,2.0,2.5,2.5,0.4557601050378975,0.0,2.0271245541417375,0.8,0.8,0.0,0.0,0.0,0.0,lateral_movement,1,1,-0.0732756870723326,0.7929990058019877,0.2604459724219467,0.2,0.54126094629658,54.12609462965799,0,MEDIUM,1,HIGH,ESCALATE
1.0,5.0,1.0,2.0,2.0,0.1667,0.8333,1.0,0.4,0.2,1.0,0.4,0.0,0.0,0.0,0.0,normal,0,1,-0.0050320509561122,0.6354897089332049,0.1948861273953317,0.4,0.4782408717620957,47.82408717620957,0,MEDIUM,1,MEDIUM,MONITOR
1.0,0.0,1.0,0.0,0.0,0.1667,0.0,1.0,0.0,1.0,0.0,0.0,0.0,0.0,0.0,0.0,normal,0,0,0.2703048930477036,0.0,0.0101463969020613,0.0,0.0025365992255153,0.2536599225515336,0,LOW,0,LOW,ALLOW
2.77166906155722,0.0,5.0,0.0,0.0,2.0,0.0,0.9430262436156548,0.0,6.0,0.0,0.0,0.0,0.0,0.0,0.0,collection,1,0,0.0425607398494184,0.5256434662295507,0.0639670605492668,0.0,0.3050956715635696,30.509567156356965,0,LOW,0,LOW,ALLOW
8.173879221158744,2.41206210730071,3.038283538810636,0.951477515138923,1.0240225257894682,2.0,2.0,0.940737869816036,0.9223042687942912,2.7719274803740044,1.0998080035011106,0.0,0.0,0.0,0.0,2.0,ioc_activity,1,1,-0.0292385751979031,0.6913594255829513,0.2442139443590887,0.2,0.4813011701603954,48.13011701603954,0,MEDIUM,1,MEDIUM,MONITOR
1.0,0.0,1.0,0.0,0.0,0.1667,0.0,1.0,0.0,1.0,0.0,0.0,0.0,0.0,0.0,0.0,normal,0,0,0.2703048930477036,0.0,0.0101463969020613,0.0,0.0025365992255153,0.2536599225515336,0,LOW,0,LOW,ALLOW
2.7558655985151184,0.0,6.0,6.0,2.0,2.5,2.5,0.937332420739086,0.0,0.906587202939672,0.8,0.8,0.0,0.0,0.0,0.0,lateral_movement,1,1,-0.0691892947015759,0.783567433487293,0.2027946252466224,0.2,0.5216607447296667,52.16607447296667,0,MEDIUM,1,HIGH,ESCALATE
0.0,2.8636825980875016,0.0,7.0,3.0,0.0,0.1578981487357692,0.0,1.0860006694709436,0.0,0.0,1.0734344553213413,0.0,0.0,0.0,0.0,discovery,1,1,-0.0244748275943552,0.6803644877660778,0.2984467241910919,0.4,0.5288121493191158,52.88121493191158,0,MEDIUM,1,HIGH,ESCALATE
0.9305754244252672,0.0,0.9682774134763455,5.0,2.0,0.1765171973967328,2.5,1.050167716948972,0.7,0.9423909222161084,0.0,0.8,0.0,0.0,0.0,0.0,network_burst,1,1,-0.0042966887557018,0.633792460812761,0.1333142693972136,0.6,0.501914420796322,50.19144207963219,0,MEDIUM,1,HIGH,ESCALATE
3.245878545910527,0.0,5.0,0.0,0.0,2.0,0.0,0.918557090825348,0.0,6.0,0.0,0.0,0.0,0.0,0.0,0.0,collection,1,0,0.0449315175401209,0.5201716076307679,0.069293712172111,0.0,0.3034178122399501,30.341781223995017,0,LOW,0,LOW,ALLOW
13.08370126356068,0.0,6.0,6.0,2.0,2.5,2.5,0.7979716662278533,0.0,4.026686870011761,0.8,0.8,0.0,0.0,0.0,0.0,lateral_movement,1,1,-0.0895332303991159,0.8305221268422333,0.2909124531006135,0.2,0.5695152830383817,56.951528303838174,0,MEDIUM,1,HIGH,ESCALATE
0.9323883140499264,0.0,1.0565810548343448,7.0,3.0,0.1784022439825391,0.0,0.9455322293598428,0.9,1.0734847078965168,0.0,0.9,0.0,0.0,0.0,0.0,discovery,1,1,-0.0034549958491726,0.631849796772101,0.1340537020438585,0.4,0.4610308137356202,46.10308137356202,0,MEDIUM,1,MEDIUM,MONITOR
1.0,0.0,1.0,0.0,0.0,0.1667,0.0,1.0,0.0,1.0,1.0,0.0,0.0,0.0,0.0,0.0,normal,0,0,0.214101498827036,0.1297198919802611,0.0385554878111522,0.0,0.0809848125419316,8.098481254193167,0,LOW,0,LOW,ALLOW
0.9437713217589264,0.0,1.0721139838588754,5.0,2.0,0.1612365731507693,2.5,1.067834773246865,0.7,1.0548671802366103,0.923140833461886,0.8,0.0,0.0,0.0,0.0,network_burst,1,1,-0.0157629759125496,0.660257153061792,0.1607606350335201,0.2,0.4433315929423657,44.333159294236566,0,LOW,1,MEDIUM,MONITOR
1.0,0.0,1.0,0.0,0.0,0.1667,0.0,1.0,0.0,1.0,0.0,0.0,0.0,0.0,0.0,0.0,normal,0,0,0.2703048930477036,0.0,0.0101463969020613,0.0,0.0025365992255153,0.2536599225515336,0,LOW,0,LOW,ALLOW
4.0,0.0,4.0,0.0,0.0,0.6667,0.0,1.0,0.0,4.0,1.0,0.0,0.0,0.0,0.0,0.0,normal,0,0,0.1154193385654253,0.3574826338398562,0.0731806846896928,0.0,0.2149106197843441,21.491061978434413,0,LOW,0,LOW,ALLOW
3.628847867421891,0.0,2.9844796050541023,0.0,0.0,2.5,0.0,1.029589696440242,0.0,0.9632428303648086,0.8,0.0,0.0,0.0,0.0,0.0,process_burst,1,0,0.0830385812779374,0.432218837868391,0.0808981316159128,0.0,0.2579448937315932,25.794489373159323,0,LOW,0,LOW,ALLOW
3.1497089865229624,8.760646918121955,6.0,6.0,2.1674658460245184,2.5,2.5,0.9195089413545966,1.0296896341175297,0.5282838155055785,1.022921243850485,0.9991069608305088,0.0,0.0,0.0,0.0,lateral_movement,1,1,-0.0899677226846211,0.8315249540401903,0.3447169091591867,0.2,0.5835179520119015,58.35179520119015,0,MEDIUM,1,HIGH,ESCALATE
0.0,4.8215456822409,0.0,5.0,2.0,0.0,2.5,0.0,0.9192190465943764,0.0,0.0,0.913503696037483,0.0,0.0,0.0,0.0,network_burst,1,1,-0.0397255704079499,0.7155638691883259,0.3186657624005426,0.4,0.553226568653715,55.3226568653715,0,MEDIUM,1,HIGH,ESCALATE
2.8677817974615185,0.0,5.0,0.0,0.0,2.0,0.0,0.9496588495770586,0.0,6.0,1.0620605110546937,0.0,0.0,0.0,0.0,0.0,collection,1,0,0.0469261391660338,0.51556793368113,0.0943973009320032,0.0,0.3071616887576223,30.716168875762236,0,LOW,0,LOW,ALLOW
5.966573341224776,0.0,6.0,6.0,2.0,2.5,2.5,0.5082682461730759,0.0,2.095668928770689,0.8,0.8,0.0,0.0,0.0,0.0,lateral_movement,1,1,-0.0730646615752884,0.7925119497253711,0.2575264144770057,0.2,0.5402631759682056,54.02631759682056,0,MEDIUM,1,HIGH,ESCALATE
4.2042641382357955,0.0,2.981596160514241,0.0,0.0,2.5,0.0,0.9465704569887412,0.0,0.9980395084803172,0.8,0.0,0.0,0.0,0.0,0.0,process_burst,1,0,0.0817603056828386,0.4351691538487066,0.0863751800383121,0.0,0.2609368296263666,26.093682962636667,0,LOW,0,LOW,ALLOW
0.9069676700559832,0.0,1.0646254634832373,5.0,2.0,0.1787291044605086,2.5,1.007788353252837,0.7,0.9185512154848988,0.9788963035877508,0.8,0.0,0.0,0.0,0.0,network_burst,1,1,-0.0149223136872009,0.658316867878375,0.1580874889411351,0.2,0.4415961495683901,44.15961495683901,0,LOW,1,MEDIUM,MONITOR
1.0,0.0,1.0,0.0,0.0,0.1667,0.0,1.0,0.0,1.0,0.0,0.0,0.0,0.0,0.0,0.0,normal,0,0,0.2703048930477036,0.0,0.0101463969020613,0.0,0.0025365992255153,0.2536599225515336,0,LOW,0,LOW,ALLOW
2.3194256933754147,0.0,1.006285634434414,0.0,0.0,2.0,2.0,0.9527099325353982,0.0,1.029820319837428,0.0,0.0,0.0,0.0,0.0,2.0,ioc_activity,1,0,0.0870085905920824,0.4230558827385005,0.0490653435142589,0.0,0.24494707138474,24.494707138474,0,LOW,0,LOW,ALLOW
1.0,0.0,1.0,0.0,0.0,0.1667,0.0,1.0,0.0,1.0,0.0,0.0,0.0,0.0,0.0,0.0,normal,0,0,0.2703048930477036,0.0,0.0101463969020613,0.0,0.0025365992255153,0.2536599225515336,0,LOW,0,LOW,ALLOW
2.3882860068284515,0.0,1.0631666710653211,0.0,0.0,2.0,2.0,0.97786680111833,0.0,1.0718356957393795,0.9594659052213064,0.0,0.0,0.0,0.0,2.0,ioc_activity,1,0,0.0582237170181723,0.4894926298860599,0.0751873833400625,0.0,0.2880177922723486,28.80177922723486,0,LOW,0,LOW,ALLOW
3.0,1.0,1.0,1.0,1.0,0.5,0.1667,0.3333,1.0,3.0,0.0,1.0,0.0,0.0,0.0,0.0,normal,0,0,0.078798052089874,0.4420061646987774,0.1583788681481713,0.0,0.2826981076213704,28.269810762137045,0,LOW,0,LOW,ALLOW
3.0378813261510658,0.0,6.0,6.0,2.0,2.5,2.5,0.9022373506173754,0.0,0.944496450425748,0.8,0.8,0.0,0.0,0.0,0.0,lateral_movement,1,1,-0.0694925417677728,0.7842673409789286,0.2074183339043688,0.2,0.523201621014503,52.32016210145029,0,MEDIUM,1,HIGH,ESCALATE
2.4639069046814708,0.0,1.0371660895247647,0.0,0.0,2.0,2.0,0.906216836001606,0.0,1.0089965879156997,0.9541482101327774,0.0,0.0,0.0,0.0,2.0,ioc_activity,1,0,0.0550569194560875,0.4968017371628215,0.0804665809676796,0.0,0.2933576006814718,29.33576006814718,0,LOW,0,LOW,ALLOW
4.0,0.0,3.0,0.0,0.0,0.6667,0.0,0.75,0.0,4.0,0.5,0.0,0.0,0.0,0.0,0.0,normal,0,0,0.1639238337807735,0.2455321374839204,0.0676649821795786,0.0,0.1519589211610509,15.195892116105092,0,LOW,0,LOW,ALLOW
1.0,0.0,1.0,0.0,0.0,0.1667,0.0,1.0,0.0,1.0,0.0,0.0,0.0,0.0,0.0,0.0,normal,0,0,0.2703048930477036,0.0,0.0101463969020613,0.0,0.0025365992255153,0.2536599225515336,0,LOW,0,LOW,ALLOW
6.408835404640513,3.917242178263078,6.0,6.0,2.0,2.5,2.5,0.4570114432044184,1.0149641462480232,1.986909347156934,0.8,0.989455137381654,0.0,0.0,0.0,0.0,lateral_movement,1,1,-0.0841692492104757,0.8181418236590726,0.393204625852414,0.2,0.5882791594755935,58.82791594755935,0,MEDIUM,1,HIGH,ESCALATE
2.9616818535894636,0.0,5.0,0.0,0.0,2.0,0.0,0.9157486579765834,0.0,6.0,0.0,0.0,0.0,0.0,0.0,0.0,collection,1,0,0.044418272003551,0.5213562007765447,0.0673397436243961,0.0,0.3035808463331986,30.35808463331986,0,LOW,0,LOW,ALLOW
2.2804149337506807,0.0,0.9662553586839134,0.0,0.0,2.0,2.0,1.0516744553197086,0.0,1.05087221374633,0.0,0.0,0.0,0.0,0.0,2.0,ioc_activity,1,0,0.086028808046277,0.4253172637061163,0.0499673224167797,0.0,0.2464163256425589,24.64163256425589,0,LOW,0,LOW,ALLOW
2.7859793035514944,0.0,6.0,6.0,2.0,2.5,2.5,0.9776107094604496,0.0,0.9188198613272448,0.9308607437445368,0.8,0.0,0.0,0.0,0.0,lateral_movement,1,1,-0.0693797284436956,0.7840069628929401,0.2038858279167421,0.2,0.5221752865703027,52.217528657030265,0,MEDIUM,1,HIGH,ESCALATE
3.049036378775229,2.713034073422454,1.069758422627218,7.0,3.0,0.4944688028010746,0.1647946697178716,0.3047559975097206,1.0605504500424432,3.235831490851952,0.0,0.9357208351394236,0.0,0.0,0.0,0.0,discovery,1,1,-0.0408146347798294,0.7180774773900849,0.2509866370699012,0.4,0.5376892718320221,53.76892718320221,0,MEDIUM,1,HIGH,ESCALATE
9.47173143785432,0.0,6.0,6.0,2.0,2.5,2.5,0.6313211998766489,0.0,3.1453995929123684,0.8,0.8,0.0,0.0,0.0,0.0,lateral_movement,1,1,-0.0800237286747612,0.8085737809536182,0.275359745526929,0.6,0.6335555159062223,63.35555159062223,1,MEDIUM,1,HIGH,ESCALATE
1.0,0.0,1.0,0.0,0.0,0.1667,0.0,1.0,0.0,1.0,0.0,0.0,0.0,0.0,0.0,0.0,normal,0,0,0.2703048930477036,0.0,0.0101463969020613,0.0,0.0025365992255153,0.2536599225515336,0,LOW,0,LOW,ALLOW
3.0614501772920466,0.0,6.0,6.0,2.0,2.5,2.5,1.0412197164785522,0.0,0.9009969930588946,0.8,0.8,0.0,0.0,0.0,0.0,lateral_movement,1,1,-0.0694285209951057,0.7841195782355921,0.2041368917744778,0.2,0.5222999909731951,52.229999097319514,0,MEDIUM,1,HIGH,ESCALATE
2.7937747931765853,0.0,5.0,0.0,0.0,2.0,0.0,0.91755187655431,0.0,6.0,1.0894986090089571,0.0,0.0,0.0,0.0,0.0,collection,1,0,0.0487869501680297,0.5112731005038516,0.0968915894020289,0.0,0.3054231026276256,30.54231026276256,0,LOW,0,LOW,ALLOW
13.0,0.0,4.0,0.0,0.0,2.1667,0.0,0.3077,0.0,13.0,0.2308,0.0,0.0,0.0,0.0,0.0,normal,0,1,-0.008214241739633,0.6428343444382809,0.1866223999075888,0.2,0.4402144894179517,44.02144894179517,0,LOW,1,MEDIUM,MONITOR
0.0,5.475595645828401,0.0,5.0,2.0,0.0,2.5,0.0,1.013284130161929,0.0,0.0,1.0421065543485355,0.0,0.0,0.0,0.0,network_burst,1,1,-0.0451107352410433,0.7279930651493751,0.3253223774466423,0.4,0.5617267801938169,56.17267801938169,0,MEDIUM,1,HIGH,ESCALATE
5.2513237757913025,0.0,1.0239429202429249,0.0,0.0,2.0,2.0,0.4947125550243837,0.0,1.9638009347457557,0.0,0.0,0.0,0.0,0.0,2.0,ioc_activity,1,0,0.0518912256706245,0.5041082968748655,0.1035857028072976,0.0,0.3031559889830004,30.31559889830005,0,LOW,0,LOW,ALLOW
15.0,1.0,6.0,1.0,1.0,2.5,0.1667,0.4,1.0,15.0,0.3333,1.0,0.0,0.0,0.0,0.0,normal,0,1,-0.083965853062226,0.8176723764531519,0.3131926507144644,0.2,0.5680179697278498,56.80179697278498,0,MEDIUM,1,HIGH,ESCALATE
3.0,0.0,3.0,0.0,0.0,0.5,0.0,1.0,0.0,3.0,0.6667,0.0,0.0,0.0,0.0,0.0,normal,0,0,0.1381170080348208,0.3050954199962669,0.0455879463159467,0.0,0.1791994675769334,17.919946757693346,0,LOW,0,LOW,ALLOW
1.0,0.0,1.0,0.0,0.0,0.1667,0.0,1.0,0.0,1.0,0.0,0.0,0.0,0.0,0.0,0.0,normal,0,0,0.2703048930477036,0.0,0.0101463969020613,0.0,0.0025365992255153,0.2536599225515336,0,LOW,0,LOW,ALLOW
0.920221233187117,0.0,0.9963527102724344,7.0,3.0,0.1702744290926723,0.0,0.9739968735694396,0.9,0.9236798166357336,1.0589501116835145,0.9,0.0,0.0,0.0,0.0,discovery,1,1,-0.0105590927853452,0.6482463632064951,0.1623275197548857,0.2,0.4371173797022938,43.71173797022938,0,LOW,1,MEDIUM,MONITOR
0.9134333337695534,0.0,0.9035337561999824,5.0,2.0,0.1614753706957127,2.5,1.0918418545689152,0.7,1.0081713273889903,0.9569081750223652,0.8,0.0,0.0,0.0,0.0,network_burst,1,1,-0.0174769119843597,0.6642129924764608,0.1643181228964582,0.4,0.4863966765861681,48.63966765861681,0,MEDIUM,1,MEDIUM,MONITOR
1.0239337051939723,0.0,1.096164229106607,5.0,2.0,0.1763932040496924,2.5,1.0769698119012725,0.7,0.9223689604761356,0.0,0.8,0.0,0.0,0.0,0.0,network_burst,1,1,-0.0030561197723799,0.6309291733415675,0.1345912531083236,0.6,0.5006588586149431,50.06588586149431,0,MEDIUM,1,HIGH,ESCALATE
5.542828979978602,3.795812034844888,6.0,6.0,2.0,2.5,2.5,1.0746479872707762,1.0387010848712122,1.8159785862470503,0.8,1.0117348592950113,0.0,0.0,0.0,0.0,lateral_movement,1,1,-0.0838444445091884,0.8173921602028009,0.3532659535869271,0.8,0.6978821765082723,69.78821765082724,1,MEDIUM,1,CRITICAL,ESCALATE_AND_CONTAIN
1.0,0.0,1.0,0.0,0.0,0.1667,0.0,1.0,0.0,1.0,1.0,0.0,0.0,0.0,0.0,0.0,normal,0,0,0.214101498827036,0.1297198919802611,0.0385554878111522,0.0,0.0809848125419316,8.098481254193167,0,LOW,0,LOW,ALLOW
2.812015270968759,0.0,6.0,6.0,2.0,2.5,2.5,1.0264892469381572,0.0,1.034665661480391,0.8,0.8,0.0,0.0,0.0,0.0,lateral_movement,1,1,-0.0697972120749389,0.7849705333729681,0.2012032689609222,0.2,0.522034610595363,52.2034610595363,0,MEDIUM,1,HIGH,ESCALATE
1.0855941216331648,0.0,1.0057315076216582,7.0,3.0,0.152425490185111,0.0,0.9963183178412088,0.9,0.9987013160872684,0.0,0.9,0.0,0.0,0.0,0.0,discovery,1,0,0.0001646607589977,0.6234954710106714,0.1295760794142521,0.0,0.3753165289094323,37.531652890943235,0,LOW,1,MEDIUM,MONITOR
1.091866469527122,0.0,0.9991013113257238,5.0,2.0,0.1598577634788152,2.5,1.075342159452924,0.7,1.096913721650151,0.0,0.8,0.0,0.0,0.0,0.0,network_burst,1,1,-0.0037368374254784,0.6325002994568747,0.133821595429559,0.2,0.4213305635586708,42.13305635586708,0,LOW,1,MEDIUM,MONITOR
3.0,7.0,2.0,5.0,3.0,0.5,1.1667,0.6667,0.7143,0.4286,0.6667,0.7143,0.0,0.0,0.0,0.0,normal,0,1,-0.0222126319370056,0.6751432412492314,0.264262955750395,0.4,0.517394521624676,51.7394521624676,0,MEDIUM,1,HIGH,ESCALATE
1.0,1.0,1.0,1.0,1.0,0.1667,0.1667,1.0,1.0,1.0,0.0,0.0,0.0,0.0,0.0,0.0,normal,0,0,0.1222823582045785,0.3416424843507708,0.0832660471075062,0.0,0.2087198781698005,20.871987816980052,0,LOW,0,LOW,ALLOW
4.064848911760317,0.0,3.05454929488885,0.0,0.0,2.5,0.0,0.9165459999844876,0.0,0.9981413988709044,0.8,0.0,0.0,0.0,0.0,0.0,process_burst,1,0,0.0836044290285226,0.4309128365120495,0.0880656340695476,0.0,0.2590184685990141,25.90184685990141,0,LOW,0,LOW,ALLOW
1.0,0.0,1.0,0.0,0.0,0.1667,0.0,1.0,0.0,1.0,0.0,0.0,0.0,0.0,0.0,0.0,normal,0,0,0.2703048930477036,0.0,0.0101463969020613,0.0,0.0025365992255153,0.2536599225515336,0,LOW,0,LOW,ALLOW
7.626341308001354,0.0,2.9867263644142477,0.0,0.0,2.5,0.0,0.8,0.0,2.074297338182378,0.8,0.0,0.0,0.0,0.0,0.0,process_burst,1,0,0.0475590682100387,0.5141071057656996,0.1227311277956445,0.0,0.3134416901200459,31.344169012004592,0,LOW,0,LOW,ALLOW
2.0,7.0,1.0,4.0,2.0,0.3333,1.1667,0.5,0.5714,0.2857,0.0,0.4286,0.0,0.0,0.0,0.0,normal,0,0,0.0041171326004554,0.6143729931347646,0.2108883989720045,0.0,0.3906272459671217,39.062724596712165,0,LOW,1,MEDIUM,MONITOR
11.0,0.0,4.0,0.0,0.0,1.8333,0.0,0.3636,0.0,11.0,0.2727,0.0,0.0,0.0,0.0,0.0,normal,0,0,0.0292755916225568,0.556306169378118,0.1645663987358907,0.0,0.3471099928419376,34.71099928419377,0,LOW,1,MEDIUM,MONITOR
10.968560090128088,0.0,6.0,6.0,2.0,2.5,2.5,0.7822386454344287,0.0,4.152517658484123,0.8,0.8,0.0,0.0,0.0,0.0,lateral_movement,1,1,-0.0851306690882338,0.8203608227857232,0.2760036726645715,0.2,0.5601993706982907,56.01993706982907,0,MEDIUM,1,HIGH,ESCALATE
1.0,0.0,1.0,0.0,0.0,0.1667,0.0,1.0,0.0,1.0,0.0,0.0,0.0,0.0,0.0,0.0,normal,0,0,0.2703048930477036,0.0,0.0101463969020613,0.0,0.0025365992255153,0.2536599225515336,0,LOW,0,LOW,ALLOW
10.336887141411548,10.121305681458336,1.0770325753267682,3.1034637433300745,1.0285459461582191,2.0,2.0,0.27325710585287,0.764828755515053,0.9831366818292858,0.0,0.6842717941607573,0.0,0.0,0.0,2.0,ioc_activity,1,1,-0.0346513994734407,0.7038524607468787,0.3187618199381445,0.2,0.5068093083953195,50.680930839531946,0,MEDIUM,1,HIGH,ESCALATE
1.0,0.0,1.0,0.0,0.0,0.1667,0.0,1.0,0.0,1.0,0.0,0.0,0.0,0.0,0.0,0.0,normal,0,0,0.2703048930477036,0.0,0.0101463969020613,0.0,0.0025365992255153,0.2536599225515336,0,LOW,0,LOW,ALLOW
19.271964387808197,0.0,9.675008896022296,0.0,0.0,2.5,0.0,0.8,0.0,4.916262425703192,0.8,0.0,0.0,0.0,0.0,0.0,process_burst,1,1,-0.0307652903644507,0.6948831509599562,0.2277441880830156,0.2,0.4791217800487298,47.912178004872985,0,MEDIUM,1,MEDIUM,MONITOR
2.0,0.0,2.0,0.0,0.0,0.3333,0.0,1.0,0.0,2.0,0.5,0.0,0.0,0.0,0.0,0.0,normal,0,0,0.1825544725916962,0.2025318082762684,0.022728162487655,0.0,0.1170745351738614,11.707453517386142,0,LOW,0,LOW,ALLOW
2.2577903500212626,0.0,0.9624775624404076,0.0,0.0,2.0,2.0,1.0259170832945192,0.0,1.059633658279462,0.0,0.0,0.0,0.0,0.0,2.0,ioc_activity,1,0,0.086028808046277,0.4253172637061163,0.0480025130241442,0.0,0.2459251232944,24.59251232944,0,LOW,0,LOW,ALLOW
8.0,0.0,3.0,0.0,0.0,1.3333,0.0,0.375,0.0,8.0,0.0,0.0,0.0,0.0,0.0,0.0,normal,0,0,0.0402265938120377,0.53103077737034,0.1186039123867402,0.0,0.321717905650372,32.171790565037206,0,LOW,0,LOW,ALLOW
1.0,0.0,1.0,0.0,0.0,0.1667,0.0,1.0,0.0,1.0,1.0,0.0,0.0,0.0,0.0,0.0,normal,0,0,0.214101498827036,0.1297198919802611,0.0385554878111522,0.0,0.0809848125419316,8.098481254193167,0,LOW,0,LOW,ALLOW
3.210157431081588,0.0,6.0,6.0,2.0,2.5,2.5,0.9339881182722136,0.0,0.9390839176821244,1.0918758544630462,0.8,0.0,0.0,0.0,0.0,lateral_movement,1,1,-0.0703617446562966,0.786273499261212,0.2147651720834686,0.2,0.5261417176145339,52.614171761453385,0,MEDIUM,1,HIGH,ESCALATE
2.0,2.0,2.0,2.0,1.0,0.3333,0.3333,1.0,1.0,1.0,1.0,1.0,0.0,0.0,0.0,0.0,normal,0,0,0.0523140461707625,0.5031324086680146,0.168290295756278,0.0,0.3187953987064775,31.87953987064775,0,LOW,0,LOW,ALLOW
11.2089396219807,0.0,6.0,6.0,2.0,2.5,2.5,0.7089596310617001,0.0,4.392697982401764,0.8,0.8,0.0,0.0,0.0,0.0,lateral_movement,1,1,-0.0847911975863597,0.819577307712228,0.2830180933456827,0.2,0.5615220425781462,56.15220425781462,0,MEDIUM,1,HIGH,ESCALATE
0.0,1.0,0.0,1.0,1.0,0.0,0.1667,0.0,1.0,0.0,0.0,1.0,0.0,0.0,0.0,0.0,normal,0,0,0.1598718838192029,0.2548842152118358,0.2001229511219563,0.0,0.1902170561469988,19.021705614699883,0,LOW,0,LOW,ALLOW
0.0,1.0,0.0,1.0,1.0,0.0,0.1667,0.0,1.0,0.0,0.0,0.0,0.0,0.0,0.0,0.0,normal,0,0,0.0914358356742399,0.4128376074583141,0.1717138602128654,0.0,0.2699891491552891,26.99891491552891,0,LOW,0,LOW,ALLOW
1.0,2.0,1.0,1.0,1.0,0.1667,0.3333,1.0,0.5,0.5,0.0,0.5,0.0,0.0,0.0,0.0,normal,0,0,0.1073357900414463,0.3761398173763294,0.1067909693268237,0.0,0.2335746418886871,23.35746418886871,0,LOW,0,LOW,ALLOW
1.0,0.0,1.0,0.0,0.0,0.1667,0.0,1.0,0.0,1.0,1.0,0.0,0.0,0.0,0.0,0.0,normal,0,0,0.214101498827036,0.1297198919802611,0.0385554878111522,0.0,0.0809848125419316,8.098481254193167,0,LOW,0,LOW,ALLOW
0.0,1.0,0.0,1.0,1.0,0.0,0.1667,0.0,1.0,0.0,0.0,1.0,0.0,0.0,0.0,0.0,normal,0,0,0.1598718838192029,0.2548842152118358,0.2001229511219563,0.0,0.1902170561469988,19.021705614699883,0,LOW,0,LOW,ALLOW
1.0,0.0,1.0,0.0,0.0,0.1667,0.0,1.0,0.0,1.0,0.0,0.0,0.0,0.0,0.0,0.0,normal,0,0,0.2703048930477036,0.0,0.0101463969020613,0.0,0.0025365992255153,0.2536599225515336,0,LOW,0,LOW,ALLOW
1.0,0.0,1.0,0.0,0.0,0.1667,0.0,1.0,0.0,1.0,1.0,0.0,0.0,0.0,0.0,0.0,normal,0,0,0.214101498827036,0.1297198919802611,0.0385554878111522,0.0,0.0809848125419316,8.098481254193167,0,LOW,0,LOW,ALLOW
3.030143815144955,3.1230169179145157,2.7419589788861165,7.0,3.0,0.5247990128952448,0.1772045370279332,0.9896481266341216,1.064111416527972,2.844451842728562,0.6481404802594115,0.9352711152835604,0.0,0.0,0.0,0.0,discovery,1,1,-0.0342490505388507,0.7029238218086595,0.2451081042140119,0.2,0.4878851280482658,48.78851280482658,0,MEDIUM,1,MEDIUM,MONITOR
1.0,0.0,1.0,0.0,0.0,0.1667,0.0,1.0,0.0,1.0,0.0,0.0,0.0,0.0,0.0,0.0,normal,0,0,0.2703048930477036,0.0,0.0101463969020613,0.0,0.0025365992255153,0.2536599225515336,0,LOW,0,LOW,ALLOW
0.0,2.0,0.0,1.0,1.0,0.0,0.3333,0.0,0.5,0.0,0.0,0.5,0.0,0.0,0.0,0.0,normal,0,0,0.0915772974888436,0.4125111074032164,0.1952387824321828,0.0,0.2756908046798147,27.56908046798148,0,LOW,0,LOW,ALLOW
4.163870658434545,23.918104269464564,2.9738423147411073,7.0,3.0,0.652233522270202,1.2239035977120838,0.6866154127890658,0.9,0.4946072892920226,0.543068448854462,0.9,0.0,0.0,0.0,0.0,discovery,1,1,-0.0694262978241948,0.7841144470598967,0.2992486831233485,0.2,0.5460751166637804,54.60751166637804,0,MEDIUM,1,HIGH,ESCALATE
0.0,2.378337946071084,0.0,0.9147424138223303,1.0531478215030123,2.0,2.0,0.0,1.08302768074902,0.0,0.0,0.996842702856013,0.0,0.0,0.0,2.0,ioc_activity,1,0,0.0168067852463573,0.5850847198317242,0.2725030391364351,0.0,0.3899223556915571,38.99223556915571,0,LOW,1,MEDIUM,MONITOR
1.0,0.0,1.0,0.0,0.0,0.1667,0.0,1.0,0.0,1.0,0.0,0.0,0.0,0.0,0.0,0.0,normal,0,0,0.2703048930477036,0.0,0.0101463969020613,0.0,0.0025365992255153,0.2536599225515336,0,LOW,0,LOW,ALLOW
16.127215457889626,4.389555664963116,6.0,6.0,2.0,2.5,2.5,0.6444880047981437,1.037750442551984,5.032740427337878,0.8,0.8,0.0,0.0,0.0,0.0,lateral_movement,1,1,-0.0949011650083881,0.8429115546931198,0.4327720080538058,0.2,0.6117943570946675,61.179435709466745,1,MEDIUM,1,HIGH,ESCALATE
1.0,0.0,1.0,0.0,0.0,0.1667,0.0,1.0,0.0,1.0,0.0,0.0,0.0,0.0,0.0,0.0,normal,0,0,0.2703048930477036,0.0,0.0101463969020613,0.0,0.0025365992255153,0.2536599225515336,0,LOW,0,LOW,ALLOW
1.0423116083193555,0.0,0.9094748040010964,5.0,2.0,0.1503387211259162,2.5,0.906256702580329,0.7,1.0240298573256592,0.9483277817478172,0.8,0.0,0.0,0.0,0.0,network_burst,1,1,-0.020585821297922,0.6713884911438248,0.1627731734095552,0.2,0.4499569634814925,44.99569634814925,0,LOW,1,MEDIUM,MONITOR
14.534493778196511,0.0,5.0,0.0,0.0,2.0,0.0,0.7,0.0,6.0,0.0,0.0,0.0,0.0,0.0,0.0,collection,1,0,0.0165909744949862,0.5855828204846157,0.1662537084992892,0.0,0.3636339783913609,36.3633978391361,0,LOW,1,MEDIUM,MONITOR
16.428720357379472,0.0,8.352611274715041,0.0,0.0,2.5,0.0,0.8,0.0,4.22781075940175,0.8,0.0,0.0,0.0,0.0,0.0,process_burst,1,1,-0.0198340509311572,0.669653372257805,0.2165280553900419,0.2,0.4624413685893033,46.24413685893033,0,MEDIUM,1,MEDIUM,MONITOR
4.189364550785776,0.0,3.252634318377115,0.0,0.0,2.5,0.0,1.0674764724690138,0.0,0.9231713448670535,0.8,0.0,0.0,0.0,0.0,0.0,process_burst,1,0,0.0775859485018687,0.4448037527926138,0.09010394549787,0.0,0.2671680504104051,26.716805041040516,0,LOW,0,LOW,ALLOW
1.0,0.0,1.0,0.0,0.0,0.1667,0.0,1.0,0.0,1.0,0.0,0.0,0.0,0.0,0.0,0.0,normal,0,0,0.2703048930477036,0.0,0.0101463969020613,0.0,0.0025365992255153,0.2536599225515336,0,LOW,0,LOW,ALLOW
7.680047314067506,2.6433933560112544,2.7343817727243156,1.070056737031077,1.072153538990921,2.0,2.0,0.98052260634069,0.9308381764379264,3.017197451137866,0.9172719349003192,0.0,0.0,0.0,0.0,2.0,ioc_activity,1,1,-0.0299315213571432,0.6929587756252608,0.2366592095364913,0.2,0.4802921289780162,48.02921289780162,0,MEDIUM,1,MEDIUM,MONITOR
1.0,0.0,1.0,0.0,0.0,0.1667,0.0,1.0,0.0,1.0,0.0,0.0,0.0,0.0,0.0,0.0,normal,0,0,0.2703048930477036,0.0,0.0101463969020613,0.0,0.0025365992255153,0.2536599225515336,0,LOW,0,LOW,ALLOW
1.0,0.0,1.0,0.0,0.0,0.1667,0.0,1.0,0.0,1.0,0.0,0.0,0.0,0.0,0.0,0.0,normal,0,0,0.2703048930477036,0.0,0.0101463969020613,0.0,0.0025365992255153,0.2536599225515336,0,LOW,0,LOW,ALLOW
1.0,0.0,1.0,0.0,0.0,0.1667,0.0,1.0,0.0,1.0,1.0,0.0,0.0,0.0,0.0,0.0,normal,0,0,0.214101498827036,0.1297198919802611,0.0385554878111522,0.0,0.0809848125419316,8.098481254193167,0,LOW,0,LOW,ALLOW
1.0,0.0,1.0,0.0,0.0,0.1667,0.0,1.0,0.0,1.0,0.0,0.0,0.0,0.0,0.0,0.0,normal,0,0,0.2703048930477036,0.0,0.0101463969020613,0.0,0.0025365992255153,0.2536599225515336,0,LOW,0,LOW,ALLOW
4.0,4.0,1.0,3.0,1.0,0.6667,0.6667,0.25,0.75,1.0,0.0,0.75,0.0,0.0,0.0,0.0,normal,0,0,0.0456312326839494,0.5185566344759792,0.2411325814432179,0.0,0.345489294322593,34.54892943225931,0,LOW,1,MEDIUM,MONITOR
2.351338893933859,0.0,1.009795613305892,0.0,0.0,2.0,2.0,1.039726713737336,0.0,0.9056687541142796,0.0,0.0,0.0,0.0,0.0,2.0,ioc_activity,1,0,0.0860789924161894,0.4252014359854882,0.0492885818534664,0.0,0.2461829352553851,24.61829352553852,0,LOW,0,LOW,ALLOW
2.728350203313891,0.0,5.0,0.0,0.0,2.0,0.0,1.0512150564856475,0.0,6.0,1.019037870425085,0.0,0.0,0.0,0.0,0.0,collection,1,0,0.0456507348959682,0.5185116225176883,0.0927279667961383,0.0,0.3083633840837632,30.836338408376317,0,LOW,0,LOW,ALLOW
0.0,3.0,0.0,2.0,2.0,0.0,0.5,0.0,0.6667,0.0,0.0,0.3333,0.0,0.0,0.0,0.0,normal,0,0,0.0240336508225694,0.5684047980066937,0.2370186757352496,0.0,0.3718773078374939,37.187730783749394,0,LOW,1,MEDIUM,MONITOR
1.0,1.0,1.0,1.0,1.0,0.1667,0.1667,1.0,1.0,1.0,0.0,0.0,0.0,0.0,0.0,0.0,normal,0,0,0.1222823582045785,0.3416424843507708,0.0832660471075062,0.0,0.2087198781698005,20.871987816980052,0,LOW,0,LOW,ALLOW
1.0,0.0,1.0,0.0,0.0,0.1667,0.0,1.0,0.0,1.0,0.0,0.0,0.0,0.0,0.0,0.0,normal,0,0,0.2703048930477036,0.0,0.0101463969020613,0.0,0.0025365992255153,0.2536599225515336,0,LOW,0,LOW,ALLOW
1.0,0.0,1.0,0.0,0.0,0.1667,0.0,1.0,0.0,1.0,1.0,0.0,0.0,0.0,0.0,0.0,normal,0,0,0.214101498827036,0.1297198919802611,0.0385554878111522,0.0,0.0809848125419316,8.098481254193167,0,LOW,0,LOW,ALLOW
11.679794552397722,0.0,5.0,0.0,0.0,2.0,0.0,0.7,0.0,6.0,0.0,0.0,0.0,0.0,0.0,0.0,collection,1,0,0.0281728450677765,0.5588513566564179,0.1486763945023023,0.0,0.3445373447866054,34.45373447866055,0,LOW,1,MEDIUM,MONITOR
4.326864552566086,0.0,2.859521976875712,0.0,0.0,2.5,0.0,0.9544483123690318,0.0,1.0805204793087684,0.9911552579667222,0.0,0.0,0.0,0.0,0.0,process_burst,1,0,0.0740016185916812,0.4530765429900458,0.0911408137146206,0.0,0.2719773020731804,27.19773020731804,0,LOW,0,LOW,ALLOW
1.0,0.0,1.0,0.0,0.0,0.1667,0.0,1.0,0.0,1.0,0.0,0.0,0.0,0.0,0.0,0.0,normal,0,0,0.2703048930477036,0.0,0.0101463969020613,0.0,0.0025365992255153,0.2536599225515336,0,LOW,0,LOW,ALLOW
0.0,5.412671835255537,0.0,5.0,2.0,0.0,2.5,0.0,0.9961215261884614,0.0,0.0,1.028963838871858,0.0,0.0,0.0,0.0,network_burst,1,1,-0.0455938272761925,0.7291080626950754,0.3244010710251747,0.2,0.5221097022385852,52.21097022385853,0,MEDIUM,1,HIGH,ESCALATE
1.0,0.0,1.0,0.0,0.0,0.1667,0.0,1.0,0.0,1.0,0.0,0.0,0.0,0.0,0.0,0.0,normal,0,0,0.2703048930477036,0.0,0.0101463969020613,0.0,0.0025365992255153,0.2536599225515336,0,LOW,0,LOW,ALLOW
1.0,0.0,1.0,0.0,0.0,0.1667,0.0,1.0,0.0,1.0,1.0,0.0,0.0,0.0,0.0,0.0,normal,0,0,0.214101498827036,0.1297198919802611,0.0385554878111522,0.0,0.0809848125419316,8.098481254193167,0,LOW,0,LOW,ALLOW
1.0,0.0,1.0,0.0,0.0,0.1667,0.0,1.0,0.0,1.0,0.0,0.0,0.0,0.0,0.0,0.0,normal,0,0,0.2703048930477036,0.0,0.0101463969020613,0.0,0.0025365992255153,0.2536599225515336,0,LOW,0,LOW,ALLOW
0.0,3.99118041227542,6.0,6.0,2.0,2.5,2.5,0.0,0.9158633798362896,0.0,0.8,0.9954165732494752,0.0,0.0,0.0,0.0,lateral_movement,1,1,-0.0864612626761911,0.8234318909817429,0.404350236757341,0.2,0.5939750992292939,59.397509922929395,0,MEDIUM,1,HIGH,ESCALATE
0.0,2.0,0.0,2.0,1.0,0.0,0.3333,0.0,1.0,0.0,0.0,0.0,0.0,0.0,0.0,0.0,normal,0,0,0.0715927554345426,0.4586363045110739,0.2015427069124072,0.0,0.3026356442091925,30.26356442091925,0,LOW,0,LOW,ALLOW
0.0,1.0598489433024134,0.0,1.0199186883045226,1.0862472471380205,2.5,0.1539342328871097,0.8,1.0315726570081056,0.0,0.8,1.0342462826617187,0.0,0.0,0.0,0.0,process_burst,1,0,0.0276894244070473,0.5599671126843297,0.1931881953402887,0.0,0.3562789608114535,35.62789608114535,0,LOW,1,MEDIUM,MONITOR
31.3826552597363,0.0,4.153503727733559,0.0,0.0,2.0,2.0,0.325071752652409,0.0,14.045988332786871,0.2086636481018694,0.0,0.0,0.0,0.0,2.0,ioc_activity,1,1,-0.0479309980717836,0.7345023551101058,0.2143008021193613,0.2,0.4975514958403985,49.75514958403985,0,MEDIUM,1,MEDIUM,MONITOR
1.0,0.0,1.0,0.0,0.0,0.1667,0.0,1.0,0.0,1.0,0.0,0.0,0.0,0.0,0.0,0.0,normal,0,0,0.2703048930477036,0.0,0.0101463969020613,0.0,0.0025365992255153,0.2536599225515336,0,LOW,0,LOW,ALLOW
1.0,0.0,1.0,0.0,0.0,0.1667,0.0,1.0,0.0,1.0,0.0,0.0,0.0,0.0,0.0,0.0,normal,0,0,0.2703048930477036,0.0,0.0101463969020613,0.0,0.0025365992255153,0.2536599225515336,0,LOW,0,LOW,ALLOW
28.0,2.0,25.0,1.0,1.0,4.6667,0.3333,0.8929,0.5,14.0,0.8571,0.5,0.0,0.0,0.0,0.0,normal,0,1,-0.1629624598824065,1.0,0.3638496586245965,0.2,0.6809624146561493,68.09624146561492,1,MEDIUM,1,HIGH,ESCALATE
3.0,0.0,2.0,0.0,0.0,0.5,0.0,0.6667,0.0,3.0,0.3333,0.0,0.0,0.0,0.0,0.0,normal,0,0,0.1549715170420574,0.2661944760565666,0.0507087601470374,0.0,0.159084151867871,15.908415186787105,0,LOW,0,LOW,ALLOW
3.7169385953541583,0.0,2.886200804354445,0.0,0.0,2.5,0.0,0.9307226790384118,0.0,0.904229603267288,0.8,0.0,0.0,0.0,0.0,0.0,process_burst,1,0,0.0863286954837312,0.4246251103845559,0.0829973577755697,0.0,0.2542931501553982,25.42931501553982,0,LOW,0,LOW,ALLOW
11.608626558955176,0.0,4.16936465673551,7.0,3.0,1.8712148283724064,0.0,0.3303343681792736,0.9,10.900767683811804,0.2680057596012379,0.9,0.0,0.0,0.0,0.0,discovery,1,1,-0.073139262382936,0.7926841316521722,0.2935186401546187,0.2,0.5493559324473495,54.935593244734946,0,MEDIUM,1,HIGH,ESCALATE
0.0,3.9083313851531374,6.0,6.0,2.0,2.5,2.5,0.0,1.025353212865432,0.0,0.8,1.0540790766362655,0.0,0.0,0.0,0.0,lateral_movement,1,1,-0.0888465648128266,0.828937272636982,0.4095123609282467,0.4,0.6382935901824018,63.82935901824018,1,MEDIUM,1,HIGH,ESCALATE
0.0,4.918656087314802,0.0,5.0,2.0,0.0,2.5,0.0,0.9629499237128762,0.0,0.0,0.8,0.0,0.0,0.0,0.0,network_burst,1,1,-0.0415131828794956,0.719689756955905,0.3168373789101576,0.6,0.5950387110532872,59.50387110532872,0,MEDIUM,1,HIGH,ESCALATE
2.8198769583948797,0.0,5.0,0.0,0.0,2.0,0.0,0.907904723738046,0.0,6.0,0.0,0.0,0.0,0.0,0.0,0.0,collection,1,0,0.0459026755974611,0.5179301323597314,0.066821372284602,0.0,0.3015669158690028,30.15669158690028,0,LOW,0,LOW,ALLOW
7.012507812451895,0.0,4.9193009879278105,5.0,2.0,1.1452692769650248,2.5,0.6608427906360931,0.7,7.234485892405462,0.7365172640996885,0.8,0.0,0.0,0.0,0.0,network_burst,1,1,-0.0473460476818675,0.7331522640267131,0.2446757022859974,0.2,0.5044026707861916,50.44026707861916,0,MEDIUM,1,HIGH,ESCALATE
2.81425170279981,0.0,6.0,6.0,2.0,2.5,2.5,1.0802210626301354,0.0,0.9085915254751288,0.8,0.8,0.0,0.0,0.0,0.0,lateral_movement,1,1,-0.0690947467197564,0.7833492126100907,0.2050282439712724,0.4,0.562099127928368,56.2099127928368,0,MEDIUM,1,HIGH,ESCALATE
2.0,0.0,2.0,0.0,0.0,0.3333,0.0,1.0,0.0,2.0,1.0,0.0,0.0,0.0,0.0,0.0,normal,0,0,0.1580166034245777,0.2591662835054155,0.0369327079422005,0.0,0.1517746329135287,15.177463291352868,0,LOW,0,LOW,ALLOW
2.8542902844184663,0.0,6.0,6.0,2.0,2.5,2.5,1.030162453008807,0.0,1.0861188541753808,1.001144939890825,0.8,0.0,0.0,0.0,0.0,lateral_movement,1,1,-0.07118171526844,0.7881660272963804,0.2074982032155575,0.2,0.5253658658168987,52.53658658168987,0,MEDIUM,1,HIGH,ESCALATE
0.0,2.3739508449155915,0.0,1.0123881847202356,0.9657571195620208,2.0,2.0,0.0,0.9528067404551228,0.0,0.0,0.9728723152951224,0.0,0.0,0.0,2.0,ioc_activity,1,0,0.0197724185058832,0.5782399085634163,0.2670127775052066,0.0,0.3847851440861807,38.47851440861807,0,LOW,1,MEDIUM,MONITOR
4.33987349521445,0.0,3.2061449709586514,0.0,0.0,2.5,0.0,1.0284966551991097,0.0,0.9269104416826296,0.8,0.0,0.0,0.0,0.0,0.0,process_burst,1,0,0.0773268857528357,0.445401680947784,0.088087315598254,0.0,0.2669927534208448,26.699275342084476,0,LOW,0,LOW,ALLOW
2.7880459399245914,0.0,5.0,0.0,0.0,2.0,0.0,0.9959597005510308,0.0,6.0,0.9261842624293,0.0,0.0,0.0,0.0,0.0,collection,1,0,0.047619123068878,0.5139684965249314,0.0866517289298648,0.0,0.3043456053211785,30.43456053211785,0,LOW,0,LOW,ALLOW
2.0,0.0,1.0,0.0,0.0,0.3333,0.0,0.5,0.0,2.0,0.0,0.0,0.0,0.0,0.0,0.0,normal,0,0,0.1835552533983478,0.2002219624042369,0.0353935922578223,0.0,0.1189704773867859,11.897047738678593,0,LOW,0,LOW,ALLOW
3.031351872206406,0.0,5.0,0.0,0.0,2.0,0.0,1.0658300980691502,0.0,6.0,0.0,0.0,0.0,0.0,0.0,0.0,collection,1,0,0.0384569600800996,0.5351151694205841,0.0671092784112042,0.0,0.3110906627841223,31.109066278412236,0,LOW,0,LOW,ALLOW
0.0,1.0,0.0,1.0,1.0,0.0,0.1667,0.0,1.0,0.0,0.0,1.0,0.0,0.0,0.0,0.0,normal,0,0,0.1598718838192029,0.2548842152118358,0.2001229511219563,0.0,0.1902170561469988,19.021705614699883,0,LOW,0,LOW,ALLOW
2.5691435119562716,0.0,1.0702073974384148,0.0,0.0,2.0,2.0,0.9497841398514838,0.0,1.0513838995294973,0.0,0.0,0.0,0.0,0.0,2.0,ioc_activity,1,0,0.0810321368080634,0.4368497994589764,0.0513499277202365,0.0,0.2531048716324962,25.310487163249626,0,LOW,0,LOW,ALLOW
1.0,0.0,1.0,0.0,0.0,0.1667,0.0,1.0,0.0,1.0,1.0,0.0,0.0,0.0,0.0,0.0,normal,0,0,0.214101498827036,0.1297198919802611,0.0385554878111522,0.0,0.0809848125419316,8.098481254193167,0,LOW,0,LOW,ALLOW
0.0,1.0,0.0,1.0,1.0,0.0,0.1667,0.0,1.0,0.0,0.0,1.0,0.0,0.0,0.0,0.0,normal,0,0,0.1598718838192029,0.2548842152118358,0.2001229511219563,0.0,0.1902170561469988,19.021705614699883,0,LOW,0,LOW,ALLOW
5.0,0.0,1.0,0.0,0.0,0.8333,0.0,0.2,0.0,5.0,0.0,0.0,0.0,0.0,0.0,0.0,normal,0,0,0.1213267886169122,0.3438479807520205,0.085580651787302,0.0,0.2105115523604368,21.051155236043684,0,LOW,0,LOW,ALLOW
2.6688086464277436,0.0,0.9097444853505456,0.0,0.0,2.0,2.0,1.0590646925055502,0.0,1.0184353889763562,0.9308889286970772,0.0,0.0,0.0,0.0,2.0,ioc_activity,1,0,0.0564888559686878,0.4934967650643787,0.0803584676510242,0.0,0.2915128376981644,29.15128376981644,0,LOW,0,LOW,ALLOW
3.118034967164732,0.0,5.0,0.0,0.0,2.0,0.0,0.9389256423209844,0.0,6.0,0.0,0.0,0.0,0.0,0.0,0.0,collection,1,0,0.0431214469130315,0.5243493298035745,0.0668816587660042,0.0,0.305112546083467,30.511254608346704,0,LOW,0,LOW,ALLOW
0.0,2.0,0.0,1.0,1.0,0.0,0.3333,0.0,0.5,0.0,0.0,0.5,0.0,0.0,0.0,0.0,normal,0,0,0.0915772974888436,0.4125111074032164,0.1952387824321828,0.0,0.2756908046798147,27.56908046798148,0,LOW,0,LOW,ALLOW
3.1031125131684405,0.0,2.9225473929250017,7.0,3.0,0.5005762314742741,0.0,0.9919418928907184,0.9,3.1471223056686064,0.6175182302590893,0.9,0.0,0.0,0.0,0.0,discovery,1,1,-0.0195204306409393,0.6689295229114443,0.1645566308428198,0.2,0.4490503953119993,44.90503953119993,0,LOW,1,MEDIUM,MONITOR
2.0,1.0,1.0,1.0,1.0,0.3333,0.1667,0.5,1.0,2.0,0.5,1.0,0.0,0.0,0.0,0.0,normal,0,0,0.0851900208838043,0.4272532211624076,0.1511268788269036,0.0,0.2727709913460501,27.27709913460501,0,LOW,0,LOW,ALLOW
4.0,0.0,3.0,0.0,0.0,0.6667,0.0,0.75,0.0,4.0,0.5,0.0,0.0,0.0,0.0,0.0,normal,0,0,0.1639238337807735,0.2455321374839204,0.0676649821795786,0.0,0.1519589211610509,15.195892116105092,0,LOW,0,LOW,ALLOW
1.0,0.0,1.0,0.0,0.0,0.1667,0.0,1.0,0.0,1.0,1.0,0.0,0.0,0.0,0.0,0.0,normal,0,0,0.214101498827036,0.1297198919802611,0.0385554878111522,0.0,0.0809848125419316,8.098481254193167,0,LOW,0,LOW,ALLOW
1.0,0.0,1.0,0.0,0.0,0.1667,0.0,1.0,0.0,1.0,0.0,0.0,0.0,0.0,0.0,0.0,normal,0,0,0.2703048930477036,0.0,0.0101463969020613,0.0,0.0025365992255153,0.2536599225515336,0,LOW,0,LOW,ALLOW
3.2569431888672993,0.0,6.0,6.0,2.0,2.5,2.5,1.0402541614218717,0.0,1.018042654868925,0.8,0.8,0.0,0.0,0.0,0.0,lateral_movement,1,1,-0.0691458700000331,0.7834672073769038,0.2055494694986192,0.2,0.5222943314319519,52.229433143195195,0,MEDIUM,1,HIGH,ESCALATE
2.0,0.0,1.0,0.0,0.0,0.3333,0.0,0.5,0.0,2.0,0.0,0.0,0.0,0.0,0.0,0.0,normal,0,0,0.1835552533983478,0.2002219624042369,0.0353935922578223,0.0,0.1189704773867859,11.897047738678593,0,LOW,0,LOW,ALLOW
20.0,21.0,7.0,6.0,3.0,3.3333,3.5,0.35,0.2857,0.9524,0.3,0.2857,0.0,0.0,0.0,0.0,normal,0,1,-0.1265769656428744,0.916020687934451,0.4423566575958331,0.2,0.6544005427629064,65.44005427629064,1,MEDIUM,1,HIGH,ESCALATE
5.0,0.0,3.0,0.0,0.0,0.8333,0.0,0.6,0.0,5.0,0.4,0.0,0.0,0.0,0.0,0.0,normal,0,0,0.1341466762962709,0.3142591192957855,0.0850958209697718,0.0,0.194116470855125,19.411647085512502,0,LOW,0,LOW,ALLOW
3.0681632610281544,0.0,6.0,6.0,2.0,2.5,2.5,1.0097775178013135,0.0,1.0220814638866946,0.8,0.8,0.0,0.0,0.0,0.0,lateral_movement,1,1,-0.070131331907162,0.7857416965588474,0.2019594055776675,0.2,0.522647784501783,52.2647784501783,0,MEDIUM,1,HIGH,ESCALATE
1.0672490353685202,0.0,1.0191427549371457,5.0,2.0,0.1584871746487713,2.5,1.0107081680179224,0.7,1.0355241527199588,0.0,0.8,0.0,0.0,0.0,0.0,network_burst,1,1,-0.003435362325367,0.6318044817404632,0.1292744160025831,0.4,0.4598110689579006,45.981106895790056,0,MEDIUM,1,MEDIUM,MONITOR
12.0,22.0,3.0,7.0,3.0,2.0,3.6667,0.25,0.3182,0.5455,0.25,0.2273,0.0,0.0,0.0,0.0,normal,0,1,-0.1114257115784065,0.8810509308964404,0.3882346046015554,0.6,0.7016366631434311,70.1636663143431,1,HIGH,1,CRITICAL,ESCALATE_AND_CONTAIN
0.9493450106958944,0.0,1.035594370509009,7.0,3.0,0.1765430435011475,0.0,1.0443672664467227,0.9,1.0968370529896,0.0,0.9,0.0,0.0,0.0,0.0,discovery,1,1,-0.0019344765087847,0.6283403716328541,0.1336017200803106,0.8,0.5389876344181475,53.898763441814744,0,MEDIUM,1,HIGH,ESCALATE
1.0,0.0,1.0,0.0,0.0,0.1667,0.0,1.0,0.0,1.0,1.0,0.0,0.0,0.0,0.0,0.0,normal,0,0,0.214101498827036,0.1297198919802611,0.0385554878111522,0.0,0.0809848125419316,8.098481254193167,0,LOW,0,LOW,ALLOW
16.29213354361694,0.0,6.0,6.0,2.0,2.5,2.5,0.1886717658292578,0.0,4.901306335382197,0.8,0.8,0.0,0.0,0.0,0.0,lateral_movement,1,1,-0.0987630434123031,0.8518249389529717,0.3410358582638506,0.2,0.5937626809900971,59.37626809900971,0,MEDIUM,1,HIGH,ESCALATE
9.269689360613905,0.0,6.0,6.0,2.0,2.5,2.5,0.9490712529867252,0.0,3.052693157741418,0.8,0.8,0.0,0.0,0.0,0.0,lateral_movement,1,1,-0.0835083391150963,0.8166164142532871,0.2513098311229507,0.4,0.5919664856200457,59.19664856200457,0,MEDIUM,1,HIGH,ESCALATE
2.9689296525426996,0.0,5.0,0.0,0.0,2.0,0.0,0.98519419296257,0.0,6.0,0.983548657272568,0.0,0.0,0.0,0.0,0.0,collection,1,0,0.0462783219943448,0.5170631240464042,0.090414693651146,0.0,0.3069883916383089,30.69883916383089,0,LOW,0,LOW,ALLOW
2.581024802315781,0.0,1.0879744178455182,0.0,0.0,2.0,2.0,0.99826070653998,0.0,0.915651801536714,0.0,0.0,0.0,0.0,0.0,2.0,ioc_activity,1,0,0.0795430541036233,0.4402866674675389,0.0484557782851749,0.0,0.2542716116784401,25.427161167844016,0,LOW,0,LOW,ALLOW
5.0,0.0,3.0,0.0,0.0,0.8333,0.0,0.6,0.0,5.0,0.4,0.0,0.0,0.0,0.0,0.0,normal,0,0,0.1341466762962709,0.3142591192957855,0.0850958209697718,0.0,0.194116470855125,19.411647085512502,0,LOW,0,LOW,ALLOW
1.0,1.0,1.0,1.0,1.0,0.1667,0.1667,1.0,1.0,1.0,1.0,0.0,0.0,0.0,0.0,0.0,normal,0,0,0.0838620981224063,0.4303181249739169,0.1116751380165971,0.0,0.2645937532398036,26.45937532398036,0,LOW,0,LOW,ALLOW
3.1326243328000354,0.0,5.0,0.0,0.0,2.0,0.0,1.0325848903073842,0.0,6.0,0.0,0.0,0.0,0.0,0.0,0.0,collection,1,0,0.0388839611271614,0.5341296323285923,0.0655203699109079,0.0,0.3101513902584528,31.01513902584528,0,LOW,0,LOW,ALLOW
12.206823108650331,3.8579706548654222,5.0,3.274182950778468,1.0175043561057748,2.0,0.6583166531469214,0.7,0.8246501088507955,6.0,0.0,0.7559156637996585,0.0,0.0,0.0,0.0,collection,1,1,-0.0348301363284849,0.704264993225579,0.3246365320722437,0.2,0.5085048792921294,50.85048792921294,0,MEDIUM,1,HIGH,ESCALATE
1.0629276886235766,0.0,1.057517967245868,5.0,2.0,0.1534271512048669,2.5,1.0910698856375622,0.7,0.9865944985735536,0.0,0.8,0.0,0.0,0.0,0.0,network_burst,1,1,-0.0036998908231838,0.6324150250828774,0.1352520554289702,0.4,0.4616412776528251,46.164127765282515,0,MEDIUM,1,MEDIUM,MONITOR
4.162426772559114,0.0,3.2890835685255215,0.0,0.0,2.5,0.0,1.0441391893436704,0.0,1.0564010341476355,1.0733602876523851,0.0,0.0,0.0,0.0,0.0,process_burst,1,0,0.0716128165030057,0.4585900026876676,0.0963210002945539,0.0,0.2763047515518557,27.630475155185568,0,LOW,0,LOW,ALLOW
1.0,0.0,1.0,0.0,0.0,0.1667,0.0,1.0,0.0,1.0,1.0,0.0,0.0,0.0,0.0,0.0,normal,0,0,0.214101498827036,0.1297198919802611,0.0385554878111522,0.0,0.0809848125419316,8.098481254193167,0,LOW,0,LOW,ALLOW
12.0,0.0,4.0,0.0,0.0,2.0,0.0,0.3333,0.0,12.0,0.25,0.0,0.0,0.0,0.0,0.0,normal,0,0,0.0541571502640751,0.4988784438104086,0.1757112304741136,0.0,0.3183109517142531,31.83109517142532,0,LOW,0,LOW,ALLOW
5.0,0.0,5.0,0.0,0.0,0.8333,0.0,1.0,0.0,5.0,0.8,0.0,0.0,0.0,0.0,0.0,normal,0,0,0.0812683424785533,0.4363046264407638,0.0856216151896595,0.0,0.261372948339835,26.137294833983503,0,LOW,0,LOW,ALLOW
54.68860311028619,0.0,11.837023295460249,0.0,0.0,2.5,0.0,0.8,0.0,12.98437613003575,0.8,0.0,0.0,0.0,0.0,0.0,process_burst,1,1,-0.0701037433731359,0.7856780210156995,0.2453064456421464,0.2,0.5334495229691714,53.344952296917135,0,MEDIUM,1,HIGH,ESCALATE
1.0,0.0,1.0,0.0,0.0,0.1667,0.0,1.0,0.0,1.0,0.0,0.0,0.0,0.0,0.0,0.0,normal,0,0,0.2703048930477036,0.0,0.0101463969020613,0.0,0.0025365992255153,0.2536599225515336,0,LOW,0,LOW,ALLOW
0.0,2.746646800155025,0.0,7.0,3.0,0.0,0.180362619401926,0.0,1.013766761076864,0.0,0.0,0.9,0.0,0.0,0.0,0.0,discovery,1,1,-0.0223958069373569,0.675566017161408,0.2887312531457296,0.2,0.4837441227252068,48.374412272520686,0,MEDIUM,1,MEDIUM,MONITOR
6.54492993488401,0.0,6.0,6.0,2.0,2.5,2.5,0.9599849811655792,0.0,2.02248738108967,0.8,0.8,0.0,0.0,0.0,0.0,lateral_movement,1,1,-0.0764776955567915,0.8003893814275783,0.2298942464495252,0.4,0.5776877213975494,57.768772139754944,0,MEDIUM,1,HIGH,ESCALATE
1.0,0.0,1.0,0.0,0.0,0.1667,0.0,1.0,0.0,1.0,0.0,0.0,0.0,0.0,0.0,0.0,normal,0,0,0.2703048930477036,0.0,0.0101463969020613,0.0,0.0025365992255153,0.2536599225515336,0,LOW,0,LOW,ALLOW
1.0,0.0,1.0,0.0,0.0,0.1667,0.0,1.0,0.0,1.0,0.0,0.0,0.0,0.0,0.0,0.0,normal,0,0,0.2703048930477036,0.0,0.0101463969020613,0.0,0.0025365992255153,0.2536599225515336,0,LOW,0,LOW,ALLOW
3.0,0.0,3.0,0.0,0.0,0.5,0.0,1.0,0.0,3.0,0.6667,0.0,0.0,0.0,0.0,0.0,normal,0,0,0.1381170080348208,0.3050954199962669,0.0455879463159467,0.0,0.1791994675769334,17.919946757693346,0,LOW,0,LOW,ALLOW
6.0,0.0,6.0,0.0,0.0,1.0,0.0,1.0,0.0,6.0,0.8333,0.0,0.0,0.0,0.0,0.0,normal,0,0,0.0426771802615603,0.5253747166656743,0.1046916262906784,0.0,0.3151290007387905,31.512900073879052,0,LOW,0,LOW,ALLOW
6.0,0.0,4.0,0.0,0.0,1.0,0.0,0.6667,0.0,6.0,0.5,0.0,0.0,0.0,0.0,0.0,normal,0,0,0.1227791106374508,0.3404959580096726,0.1013336167324277,0.0,0.2126061810884268,21.260618108842685,0,LOW,0,LOW,ALLOW
2.753838766644751,0.0,5.0,0.0,0.0,2.0,0.0,1.006364771155587,0.0,6.0,0.0,0.0,0.0,0.0,0.0,0.0,collection,1,0,0.0393141962066393,0.5331366309483399,0.0607925338646949,0.0,0.3084232804877607,30.842328048776068,0,LOW,0,LOW,ALLOW
1.0,0.0,1.0,0.0,0.0,0.1667,0.0,1.0,0.0,1.0,0.0,0.0,0.0,0.0,0.0,0.0,normal,0,0,0.2703048930477036,0.0,0.0101463969020613,0.0,0.0025365992255153,0.2536599225515336,0,LOW,0,LOW,ALLOW
6.0,0.0,1.0,0.0,0.0,1.0,0.0,0.1667,0.0,6.0,0.0,0.0,0.0,0.0,0.0,0.0,normal,0,0,0.0766811990705714,0.4468919540502867,0.0975829831591162,0.0,0.2701863205174367,27.018632051743673,0,LOW,0,LOW,ALLOW
2.0,0.0,2.0,0.0,0.0,0.3333,0.0,1.0,0.0,2.0,1.0,0.0,0.0,0.0,0.0,0.0,normal,0,0,0.1580166034245777,0.2591662835054155,0.0369327079422005,0.0,0.1517746329135287,15.177463291352868,0,LOW,0,LOW,ALLOW
0.9640982323356032,0.0,0.9799352270327274,5.0,2.0,0.1633680486141327,2.5,1.0220454888866493,0.7,1.0871874998871454,1.070796875229446,0.8,0.0,0.0,0.0,0.0,network_burst,1,1,-0.016700626101415,0.6624212907068843,0.1615517528286102,0.2,0.444719648095939,44.4719648095939,0,LOW,1,MEDIUM,MONITOR
12.0,0.0,4.0,0.0,0.0,2.0,0.0,0.3333,0.0,12.0,0.25,0.0,0.0,0.0,0.0,0.0,normal,0,0,0.0541571502640751,0.4988784438104086,0.1757112304741136,0.0,0.3183109517142531,31.83109517142532,0,LOW,0,LOW,ALLOW
22.23966850859023,5.205240058791838,2.135329436518363,1.0125964484132757,1.0399962043644524,2.0,2.0,0.2331381752166105,0.4708645332555998,4.4985370923196175,0.113061327283325,0.4502477930857023,0.0,0.0,0.0,2.0,ioc_activity,1,1,-0.0441490403197134,0.7257734312101315,0.3361366898922633,0.2,0.5232095596386381,52.32095596386381,0,MEDIUM,1,HIGH,ESCALATE
0.0,5.016087801257113,0.0,5.0,2.0,0.0,2.5,0.0,0.9414041083049624,0.0,0.0,0.9833219266138296,0.0,0.0,0.0,0.0,network_burst,1,1,-0.0423405976877931,0.7215994665213773,0.3213575158230959,0.4,0.5572190855425315,55.721908554253154,0,MEDIUM,1,HIGH,ESCALATE
1.0,0.0,1.0,0.0,0.0,0.1667,0.0,1.0,0.0,1.0,1.0,0.0,0.0,0.0,0.0,0.0,normal,0,0,0.214101498827036,0.1297198919802611,0.0385554878111522,0.0,0.0809848125419316,8.098481254193167,0,LOW,0,LOW,ALLOW
0.0,0.9739143212713516,5.0,0.9138279890014523,0.9340638176223658,2.0,0.1742975489392307,0.7,1.0447490580383676,6.0,0.0,1.0671060396222185,0.0,0.0,0.0,0.0,collection,1,0,0.0085944596386465,0.6040391265096616,0.1936951757530259,0.0,0.3806453135185704,38.06453135185704,0,LOW,1,MEDIUM,MONITOR
3.0,1.0,3.0,1.0,1.0,0.5,0.1667,1.0,1.0,3.0,0.6667,1.0,0.0,0.0,0.0,0.0,normal,0,0,0.0801235659438516,0.4389468207509508,0.1471166874304825,0.0,0.2781999232706436,27.81999232706436,0,LOW,0,LOW,ALLOW
0.9991210156402288,0.0,0.9696551766922912,7.0,3.0,0.1632471840870628,0.0,0.910176146909003,0.9,0.9515225232364072,0.0,0.9,0.0,0.0,0.0,0.0,discovery,1,1,-0.0015080396028335,0.6273561366032187,0.136482584310153,0.2,0.4191665212093085,41.916652120930856,0,LOW,1,MEDIUM,MONITOR
2.0,0.0,1.0,0.0,0.0,0.3333,0.0,0.5,0.0,2.0,0.0,0.0,0.0,0.0,0.0,0.0,normal,0,0,0.1835552533983478,0.2002219624042369,0.0353935922578223,0.0,0.1189704773867859,11.897047738678593,0,LOW,0,LOW,ALLOW
1.0,0.0,1.0,0.0,0.0,0.1667,0.0,1.0,0.0,1.0,0.0,0.0,0.0,0.0,0.0,0.0,normal,0,0,0.2703048930477036,0.0,0.0101463969020613,0.0,0.0025365992255153,0.2536599225515336,0,LOW,0,LOW,ALLOW
7.0,0.0,5.0,0.0,0.0,1.1667,0.0,0.7143,0.0,7.0,0.5714,0.0,0.0,0.0,0.0,0.0,normal,0,0,0.0763037038525115,0.4477632295237491,0.118112550313797,0.0,0.2757979138165112,27.579791381651127,0,LOW,0,LOW,ALLOW
1.0,4.0,1.0,3.0,1.0,0.1667,0.6667,1.0,0.75,0.25,0.0,0.75,0.0,0.0,0.0,0.0,normal,0,0,0.0521502864805235,0.5035103731953012,0.1788829654405796,0.0,0.3216514466175606,32.16514466175606,0,LOW,0,LOW,ALLOW
4.229539502001711,0.0,3.123099227175801,0.0,0.0,2.5,0.0,0.9229060147071948,0.0,0.9942192412286266,0.8,0.0,0.0,0.0,0.0,0.0,process_burst,1,0,0.0814779911071346,0.4358207482367785,0.0894439663938442,0.0,0.2620624031286892,26.20624031286892,0,LOW,0,LOW,ALLOW
3.0,0.0,2.0,0.0,0.0,0.5,0.0,0.6667,0.0,3.0,0.0,0.0,0.0,0.0,0.0,0.0,normal,0,0,0.1333555503101567,0.316085072672526,0.0412400101470374,0.0,0.1841567925066486,18.41567925066487,0,LOW,0,LOW,ALLOW
1.0,2.0,1.0,1.0,1.0,0.1667,0.3333,1.0,0.5,0.5,0.0,0.5,0.0,0.0,0.0,0.0,normal,0,0,0.1073357900414463,0.3761398173763294,0.1067909693268237,0.0,0.2335746418886871,23.35746418886871,0,LOW,0,LOW,ALLOW
1.0,0.0,1.0,0.0,0.0,0.1667,0.0,1.0,0.0,1.0,0.0,0.0,0.0,0.0,0.0,0.0,normal,0,0,0.2703048930477036,0.0,0.0101463969020613,0.0,0.0025365992255153,0.2536599225515336,0,LOW,0,LOW,ALLOW
2.842021196715962,0.0,5.0,0.0,0.0,2.0,0.0,0.9193869083578629,0.0,6.0,0.0,0.0,0.0,0.0,0.0,0.0,collection,1,0,0.0452665578717664,0.5193983198919624,0.0661753767264069,0.0,0.302212920122181,30.221292012218104,0,LOW,0,LOW,ALLOW
1.0,0.0,1.0,0.0,0.0,0.1667,0.0,1.0,0.0,1.0,0.0,0.0,0.0,0.0,0.0,0.0,normal,0,0,0.2703048930477036,0.0,0.0101463969020613,0.0,0.0025365992255153,0.2536599225515336,0,LOW,0,LOW,ALLOW
0.0,25.473702110364904,6.0,6.0,2.059438716588173,2.5,2.5,0.0,0.6595770817191244,0.0,0.8,0.8,0.0,0.0,0.0,0.0,lateral_movement,1,1,-0.1089134860632282,0.8752526045323871,0.3912918652821531,0.2,0.6192118988133513,61.92118988133512,1,MEDIUM,1,HIGH,ESCALATE
1.0,0.0,1.0,0.0,0.0,0.1667,0.0,1.0,0.0,1.0,0.0,0.0,0.0,0.0,0.0,0.0,normal,0,0,0.2703048930477036,0.0,0.0101463969020613,0.0,0.0025365992255153,0.2536599225515336,0,LOW,0,LOW,ALLOW
34.87530706154365,0.0,3.916730143232562,0.0,0.0,2.186135313598991,2.0,0.3034231121641429,0.0,13.953789362276076,0.2236914000317067,0.0,0.0,0.0,0.0,2.0,ioc_activity,1,1,-0.065472974297038,0.7749900034561468,0.2165612600996225,0.2,0.5203848169257864,52.03848169257864,0,MEDIUM,1,HIGH,ESCALATE
1.0,0.0,1.0,0.0,0.0,0.1667,0.0,1.0,0.0,1.0,0.0,0.0,0.0,0.0,0.0,0.0,normal,0,0,0.2703048930477036,0.0,0.0101463969020613,0.0,0.0025365992255153,0.2536599225515336,0,LOW,0,LOW,ALLOW
1.0,0.0,1.0,0.0,0.0,0.1667,0.0,1.0,0.0,1.0,0.0,0.0,0.0,0.0,0.0,0.0,normal,0,0,0.2703048930477036,0.0,0.0101463969020613,0.0,0.0025365992255153,0.2536599225515336,0,LOW,0,LOW,ALLOW
17.61061575567619,0.0,5.0,0.0,0.0,2.0,0.0,0.7,0.0,6.0,0.4861298898852683,0.0,0.0,0.0,0.0,0.0,collection,1,0,0.0261315514253261,0.5635627516614775,0.1800642167346662,0.0,0.3549755675974792,35.49755675974792,0,LOW,1,MEDIUM,MONITOR
0.9282054599900028,0.0,1.0805785375260568,7.0,3.0,0.1556689511441444,0.0,0.918000278209018,0.9,0.9142609068369691,1.0979646138409749,0.9,0.0,0.0,0.0,0.0,discovery,1,1,-0.015385418263183,0.6593857334941436,0.1677141476453014,0.2,0.4445906903331044,44.45906903331044,0,LOW,1,MEDIUM,MONITOR
14.779131447094532,0.0,9.246732991184174,0.0,0.0,2.5,0.0,0.8,0.0,3.836287220275272,0.8,0.0,0.0,0.0,0.0,0.0,process_burst,1,1,-0.0194754362899216,0.6688256739814167,0.2241116956310712,0.4,0.5038820445975469,50.38820445975469,0,MEDIUM,1,HIGH,ESCALATE
1.0,0.0,1.0,0.0,0.0,0.1667,0.0,1.0,0.0,1.0,0.0,0.0,0.0,0.0,0.0,0.0,normal,0,0,0.2703048930477036,0.0,0.0101463969020613,0.0,0.0025365992255153,0.2536599225515336,0,LOW,0,LOW,ALLOW
1.0108833104079868,0.0,0.9506369212253204,5.0,2.0,0.1805977259103573,2.5,1.0216258423829183,0.7,0.9800902490490556,1.0063772182692137,0.8,0.0,0.0,0.0,0.0,network_burst,1,1,-0.0147713888773118,0.6579685268162838,0.1593723791928923,0.2,0.4417257845471792,44.17257845471793,0,LOW,1,MEDIUM,MONITOR
1.0,0.0,1.0,0.0,0.0,0.1667,0.0,1.0,0.0,1.0,0.0,0.0,0.0,0.0,0.0,0.0,normal,0,0,0.2703048930477036,0.0,0.0101463969020613,0.0,0.0025365992255153,0.2536599225515336,0,LOW,0,LOW,ALLOW
1.0,0.0,1.0,0.0,0.0,0.1667,0.0,1.0,0.0,1.0,0.0,0.0,0.0,0.0,0.0,0.0,normal,0,0,0.2703048930477036,0.0,0.0101463969020613,0.0,0.0025365992255153,0.2536599225515336,0,LOW,0,LOW,ALLOW
2.0,0.0,2.0,0.0,0.0,0.3333,0.0,1.0,0.0,2.0,0.0,0.0,0.0,0.0,0.0,0.0,normal,0,0,0.1506788564462253,0.2761021244561091,0.0085236170331096,0.0,0.1539870727091374,15.398707270913745,0,LOW,0,LOW,ALLOW
0.0,1.0,0.0,1.0,1.0,0.0,0.1667,0.0,1.0,0.0,0.0,1.0,0.0,0.0,0.0,0.0,normal,0,0,0.1598718838192029,0.2548842152118358,0.2001229511219563,0.0,0.1902170561469988,19.021705614699883,0,LOW,0,LOW,ALLOW
1.0,0.0,1.0,0.0,0.0,0.1667,0.0,1.0,0.0,1.0,0.0,0.0,0.0,0.0,0.0,0.0,normal,0,0,0.2703048930477036,0.0,0.0101463969020613,0.0,0.0025365992255153,0.2536599225515336,0,LOW,0,LOW,ALLOW
1.0,0.0,1.0,0.0,0.0,0.1667,0.0,1.0,0.0,1.0,0.0,0.0,0.0,0.0,0.0,0.0,normal,0,0,0.2703048930477036,0.0,0.0101463969020613,0.0,0.0025365992255153,0.2536599225515336,0,LOW,0,LOW,ALLOW
4.0,3.0,2.0,3.0,1.0,0.6667,0.5,0.5,1.0,1.3333,0.25,1.0,0.0,0.0,0.0,0.0,normal,0,0,0.0371605120222339,0.5381074282397592,0.230986388527379,0.0,0.3537056826637124,35.37056826637124,0,LOW,1,MEDIUM,MONITOR
1.0,0.0,1.0,0.0,0.0,0.1667,0.0,1.0,0.0,1.0,0.0,0.0,0.0,0.0,0.0,0.0,normal,0,0,0.2703048930477036,0.0,0.0101463969020613,0.0,0.0025365992255153,0.2536599225515336,0,LOW,0,LOW,ALLOW
2.0,1.0,2.0,1.0,1.0,0.3333,0.1667,1.0,1.0,2.0,0.5,1.0,0.0,0.0,0.0,0.0,normal,0,0,0.0889805090290746,0.4185046087418412,0.1242569036021908,0.0,0.2612417607085604,26.12417607085604,0,LOW,0,LOW,ALLOW
8.169625313120019,0.0,3.061864294403235,0.0,0.0,2.5,0.0,0.8,0.0,1.8991358251805432,0.8,0.0,0.0,0.0,0.0,0.0,process_burst,1,0,0.0443448056038662,0.5215257644401533,0.1274842104114559,0.0,0.3187102230449483,31.871022304494833,0,LOW,0,LOW,ALLOW
1.045674993149282,0.0,1.0753356277503408,7.0,3.0,0.1773856681682458,0.0,0.9575709752096307,0.9,0.947667705872412,1.0005749873960708,0.9,0.0,0.0,0.0,0.0,discovery,1,1,-0.0127080143527957,0.653206168169684,0.1609393687644944,0.2,0.4394982346844498,43.94982346844498,0,LOW,1,MEDIUM,MONITOR
0.0,5.3457969578021425,0.0,5.0,2.0,0.0,2.5,0.0,1.0168455720122438,0.0,0.0,0.9742505274176556,0.0,0.0,0.0,0.0,network_burst,1,1,-0.0439095228093843,0.7252206143207228,0.3235083521109627,0.4,0.5597484259041383,55.97484259041383,0,MEDIUM,1,HIGH,ESCALATE
4.005834161265635,0.0,0.900801520946668,5.0,2.0,0.6779857421434495,2.5,0.2698651099877047,0.7,4.028960330489101,0.0,0.8,0.0,0.0,0.0,0.0,network_burst,1,1,-0.017912311241172,0.6652179130038622,0.1909527563709313,0.6,0.5336080412448572,53.36080412448572,0,MEDIUM,1,HIGH,ESCALATE
1.8741501091209944,0.0,1.915771883003226,7.0,3.0,0.3534793555485224,0.0,0.9548268787377218,0.9,1.8540152384224944,0.0,0.9,0.0,0.0,0.0,0.0,discovery,1,1,-0.0205598516866898,0.6713285521452905,0.1318776960496105,0.8,0.5622001276923125,56.22001276923125,0,MEDIUM,1,HIGH,ESCALATE
4.139800285104179,0.0,1.8296282210954824,7.0,3.0,0.6115921092289842,0.0,0.4940962631798037,0.9,3.78964966158773,0.5329749910124912,0.9,0.0,0.0,0.0,0.0,discovery,1,1,-0.0172780231678975,0.6637539483894388,0.1973978733286913,1.0,0.6144141399463643,61.44141399463643,1,MEDIUM,1,HIGH,ESCALATE
2.8408220934311377,0.0,5.0,0.0,0.0,2.0,0.0,0.9300259113498516,0.0,6.0,0.0,0.0,0.0,0.0,0.0,0.0,collection,1,0,0.0439906138962264,0.5223432543923604,0.0654122948722169,0.0,0.3036418636338525,30.364186363385247,0,LOW,0,LOW,ALLOW
0.0,1.034040651070271,0.0,0.9116216963442896,0.9733216769865224,2.5,0.1613141391531328,0.8,0.9965145017174588,0.0,0.8,1.0009582965806996,0.0,0.0,0.0,0.0,process_burst,1,0,0.0325678193181221,0.5487075638674548,0.1888279431904432,0.0,0.3489961459247109,34.899614592471096,0,LOW,1,MEDIUM,MONITOR
1.0,0.0,1.0,0.0,0.0,0.1667,0.0,1.0,0.0,1.0,0.0,0.0,0.0,0.0,0.0,0.0,normal,0,0,0.2703048930477036,0.0,0.0101463969020613,0.0,0.0025365992255153,0.2536599225515336,0,LOW,0,LOW,ALLOW
1.095844926741456,0.0,1.0438625067381648,5.0,2.0,0.1606698771699128,2.5,1.01619787474961,0.7,1.0203549511735417,0.0,0.8,0.0,0.0,0.0,0.0,network_burst,1,1,-0.003435362325367,0.6318044817404632,0.1294908128684903,0.2,0.4198651681743773,41.98651681743774,0,LOW,1,MEDIUM,MONITOR
4.0,0.0,2.0,0.0,0.0,0.6667,0.0,0.5,0.0,4.0,0.5,0.0,0.0,0.0,0.0,0.0,normal,0,0,0.1380393688515933,0.3052746146267935,0.076901090377396,0.0,0.1871263106390854,18.712631063908542,0,LOW,0,LOW,ALLOW
5.601525576718637,0.0,6.0,6.0,2.0,2.5,2.5,0.9597518141245264,0.0,1.9336375438639817,0.8,0.8,0.0,0.0,0.0,0.0,lateral_movement,1,1,-0.0757193085460918,0.7986389910379706,0.2227637685384992,0.2,0.5349423872055087,53.49423872055087,0,MEDIUM,1,HIGH,ESCALATE
4.0,3.0,2.0,2.0,1.0,0.6667,0.5,0.5,0.6667,1.3333,0.25,0.0,0.0,0.0,0.0,0.0,normal,0,0,0.0589782330033437,0.487751173992675,0.187390897014316,0.0,0.3151108699495503,31.511086994955033,0,LOW,0,LOW,ALLOW
1.0,0.0,1.0,0.0,0.0,0.1667,0.0,1.0,0.0,1.0,0.0,0.0,0.0,0.0,0.0,0.0,normal,0,0,0.2703048930477036,0.0,0.0101463969020613,0.0,0.0025365992255153,0.2536599225515336,0,LOW,0,LOW,ALLOW
3.221810577424179,8.317485687326144,6.0,6.0,2.0,2.5,2.5,0.9631528955692182,0.4572454973595872,0.5444805171944039,0.8,0.8,0.0,0.0,0.0,0.0,lateral_movement,1,1,-0.0776682628080099,0.8031372627141947,0.3100017109865205,0.2,0.5592259222394373,55.92259222394374,0,MEDIUM,1,HIGH,ESCALATE
28.682627530901375,0.0,13.513500374818978,0.0,0.0,2.5,0.0,0.8,0.0,6.632721708704836,0.8,0.0,0.0,0.0,0.0,0.0,process_burst,1,1,-0.0504107887260416,0.7402258203965798,0.2453064456421464,0.4,0.5484508126286556,54.845081262865556,0,MEDIUM,1,HIGH,ESCALATE
0.9902093000370512,0.0,0.9923635822899496,5.0,2.0,0.1607226563267805,2.5,0.9757185575119462,0.7,0.9332125264827946,0.0,0.8,0.0,0.0,0.0,0.0,network_burst,1,1,-0.003596985750077,0.6321775156734771,0.1304721567300562,0.6,0.5003156728029265,50.031567280292656,0,MEDIUM,1,HIGH,ESCALATE
2.954193072330363,0.0,5.0,0.0,0.0,2.0,0.0,0.9896504709107488,0.0,6.0,0.0,0.0,0.0,0.0,0.0,0.0,collection,1,0,0.0388828764415354,0.534132135830457,0.0620455083985274,0.0,0.3092840518063832,30.928405180638325,0,LOW,0,LOW,ALLOW
2.9024938238306635,0.0,6.0,6.0,2.0,2.5,2.5,1.0561837982061562,0.0,0.963255075436995,0.9410519700930404,0.8,0.0,0.0,0.0,0.0,lateral_movement,1,1,-0.0707129939591578,0.7870841980145009,0.2080003559994674,0.2,0.5248963979078424,52.48963979078424,0,MEDIUM,1,HIGH,ESCALATE
0.0,2.8704307863159095,0.0,7.0,3.0,0.0,0.1600760207244716,0.0,0.9673713087666538,0.0,0.0,1.0659190818171411,0.0,0.0,0.0,0.0,discovery,1,1,-0.0237728489516874,0.6787442903569713,0.2946284447282757,0.4,0.5269664708784032,52.69664708784032,0,MEDIUM,1,HIGH,ESCALATE
35.67160303793076,43.770090530150945,5.41890972281009,3.153222924735185,1.0218858736993934,2.024638435400359,2.689821044968787,0.4050127621025716,0.1882821434514588,0.8723388583659195,0.3545747317658254,0.1220235087012158,0.0,0.0,0.0,2.0,ioc_activity,1,1,-0.1126839877869279,0.8839550874178397,0.3579895022687644,0.6,0.695672673647003,69.5672673647003,1,MEDIUM,1,CRITICAL,ESCALATE_AND_CONTAIN
0.9667099852956712,0.0,0.9254451923783656,7.0,3.0,0.1649090531682719,0.0,1.0518682200044775,0.9,0.9042312022846588,0.0,0.9,0.0,0.0,0.0,0.0,discovery,1,1,-0.0028701550022726,0.6304999585187804,0.1349398027724796,0.8,0.5405099278784492,54.05099278784492,0,MEDIUM,1,HIGH,ESCALATE
1.02752179604581,0.0,1.0962774202506005,7.0,3.0,0.165885209515586,0.0,1.0644427092187614,0.9,1.056351409514789,0.0,0.9,0.0,0.0,0.0,0.0,discovery,1,1,-0.0018946090598964,0.628248355817172,0.1350790577853189,1.0,0.5793063601457744,57.930636014577445,0,MEDIUM,1,HIGH,ESCALATE
1.0,0.0,1.0,0.0,0.0,0.1667,0.0,1.0,0.0,1.0,0.0,0.0,0.0,0.0,0.0,0.0,normal,0,0,0.2703048930477036,0.0,0.0101463969020613,0.0,0.0025365992255153,0.2536599225515336,0,LOW,0,LOW,ALLOW
1.0,0.0,1.0,0.0,0.0,0.1667,0.0,1.0,0.0,1.0,1.0,0.0,0.0,0.0,0.0,0.0,normal,0,0,0.214101498827036,0.1297198919802611,0.0385554878111522,0.0,0.0809848125419316,8.098481254193167,0,LOW,0,LOW,ALLOW
0.9489593003100292,0.0,1.088003802161503,5.0,2.0,0.1672888351197329,2.5,1.0059491332364996,0.7,0.986912616939538,0.0,0.8,0.0,0.0,0.0,0.0,network_burst,1,1,-0.0037298296108385,0.632484125114191,0.1301695802435396,0.2,0.42040866387369,42.040866387369,0,LOW,1,MEDIUM,MONITOR
2.088762711805071,0.0,1.0873339383730254,7.0,3.0,0.3331431958396761,0.0,0.5008192914778246,0.9,2.1979259571318437,0.0,0.9,0.0,0.0,0.0,0.0,discovery,1,1,-0.0094210014463488,0.6456195986203804,0.1564979946438945,0.4,0.4742152779021829,47.421527790218285,0,MEDIUM,1,MEDIUM,MONITOR
1.065357976384749,0.0,1.0194789058147682,5.0,2.0,0.1815536331666703,2.5,1.084780080109086,0.7,0.9009237597686656,0.9077083998646872,0.8,0.0,0.0,0.0,0.0,network_burst,1,1,-0.0120447779293599,0.6516753894969998,0.1600366656539705,0.6,0.5184306306368426,51.843063063684255,0,MEDIUM,1,HIGH,ESCALATE
19.18501894151722,19.38340211104316,5.290673591644611,6.45397767707263,2.8932204489186315,2.0,2.0,0.5691668302134285,0.7856785772040612,0.9342006966472302,0.4925712523746917,0.7480568240068736,0.0,0.0,0.0,2.0,ioc_activity,1,1,-0.0993408083125884,0.853158445612031,0.4141702388234508,0.8,0.7327797047924799,73.27797047924798,1,HIGH,1,CRITICAL,ESCALATE_AND_CONTAIN
11.385885780205385,34.26811386235839,6.0,6.250634494128975,3.299634021908717,2.5,2.5,0.7761216451339703,0.6839986251878023,0.5089789983855859,0.8,0.8,0.0,0.0,0.0,0.0,lateral_movement,1,1,-0.1077499526835248,0.8725671186035843,0.4082530176022095,1.0,0.7819751696325239,78.19751696325238,1,HIGH,1,CRITICAL,ESCALATE_AND_CONTAIN
3.7039372042683776,0.0,2.83614560943053,0.0,0.0,2.5,0.0,0.9624733282764084,0.0,1.0609528714993604,0.9774956758060348,0.0,0.0,0.0,0.0,0.0,process_burst,1,0,0.0782238775909831,0.4433313845543881,0.0852665986995349,0.0,0.2651489111797972,26.51489111797972,0,LOW,0,LOW,ALLOW
2.6055346769888263,0.0,1.0809012700838896,0.0,0.0,2.0,2.0,0.9965815664742144,0.0,0.9613548167154412,0.0,0.0,0.0,0.0,0.0,2.0,ioc_activity,1,0,0.0795805552527755,0.4402001131751406,0.0484624646023644,0.0,0.2542256783969185,25.42256783969185,0,LOW,0,LOW,ALLOW
0.0,2.0,0.0,2.0,1.0,0.0,0.3333,0.0,1.0,0.0,0.0,0.0,0.0,0.0,0.0,0.0,normal,0,0,0.0715927554345426,0.4586363045110739,0.2015427069124072,0.0,0.3026356442091925,30.26356442091925,0,LOW,0,LOW,ALLOW
1.0,0.0,1.0,0.0,0.0,0.1667,0.0,1.0,0.0,1.0,0.0,0.0,0.0,0.0,0.0,0.0,normal,0,0,0.2703048930477036,0.0,0.0101463969020613,0.0,0.0025365992255153,0.2536599225515336,0,LOW,0,LOW,ALLOW
6.0,0.0,4.0,0.0,0.0,1.0,0.0,0.6667,0.0,6.0,0.5,0.0,0.0,0.0,0.0,0.0,normal,0,0,0.1227791106374508,0.3404959580096726,0.1013336167324277,0.0,0.2126061810884268,21.260618108842685,0,LOW,0,LOW,ALLOW
3.6999389434445145,0.0,3.1471128769973067,0.0,0.0,2.5,0.0,0.9386082981737808,0.0,1.041980939456261,0.8,0.0,0.0,0.0,0.0,0.0,process_burst,1,0,0.0837501528276538,0.4305764996102595,0.0845226787220648,0.0,0.257947744466159,25.794774446615897,0,LOW,0,LOW,ALLOW
0.0,0.9709051936259736,0.0,1.0786242242644395,1.0556766994147524,2.5,0.1655904782642593,0.8,0.9308578984135096,0.0,0.8,1.093501946486842,0.0,0.0,0.0,0.0,process_burst,1,0,0.0281671958022727,0.5588643954082776,0.1896276674763649,0.0,0.354782334343644,35.4782334343644,0,LOW,1,MEDIUM,MONITOR
0.0,1.0,0.0,1.0,1.0,0.0,0.1667,0.0,1.0,0.0,0.0,1.0,0.0,0.0,0.0,0.0,normal,0,0,0.1598718838192029,0.2548842152118358,0.2001229511219563,0.0,0.1902170561469988,19.021705614699883,0,LOW,0,LOW,ALLOW
1.0,0.0,1.0,0.0,0.0,0.1667,0.0,1.0,0.0,1.0,0.0,0.0,0.0,0.0,0.0,0.0,normal,0,0,0.2703048930477036,0.0,0.0101463969020613,0.0,0.0025365992255153,0.2536599225515336,0,LOW,0,LOW,ALLOW
1.0543698686458312,0.0,1.0670251582161467,7.0,3.0,0.1690727198509384,0.0,0.9077288619653768,0.9,1.003782928497417,1.0619881472889745,0.9,0.0,0.0,0.0,0.0,discovery,1,1,-0.0148475789848024,0.6581443769166326,0.1661831237700579,0.2,0.4435251882466624,44.35251882466624,0,LOW,1,MEDIUM,MONITOR
1.0,0.0,1.0,0.0,0.0,0.1667,0.0,1.0,0.0,1.0,1.0,0.0,0.0,0.0,0.0,0.0,normal,0,0,0.214101498827036,0.1297198919802611,0.0385554878111522,0.0,0.0809848125419316,8.098481254193167,0,LOW,0,LOW,ALLOW
2.833042792582259,0.0,5.0,0.0,0.0,2.0,0.0,1.0728216707630691,0.0,6.0,0.9736464772496742,0.0,0.0,0.0,0.0,0.0,collection,1,0,0.0464520189696243,0.5166622238306257,0.0937628485619296,0.0,0.3076049352473265,30.760493524732652,0,LOW,0,LOW,ALLOW
0.943740845230327,0.0,1.0872353863280393,7.0,3.0,0.1516675822426263,0.0,0.9126656957405116,0.9,1.0137139429407471,0.0,0.9,0.0,0.0,0.0,0.0,discovery,1,1,-0.0028581487534226,0.6304722475713277,0.136888412282899,0.2,0.420981839234955,42.098183923495505,0,LOW,1,MEDIUM,MONITOR
1.0,0.0,1.0,0.0,0.0,0.1667,0.0,1.0,0.0,1.0,0.0,0.0,0.0,0.0,0.0,0.0,normal,0,0,0.2703048930477036,0.0,0.0101463969020613,0.0,0.0025365992255153,0.2536599225515336,0,LOW,0,LOW,ALLOW
0.932574300110911,5.184562073393678,0.9678955508417806,5.0,2.0,0.1533281430001947,2.5,1.076207210383574,0.9556226713742976,0.9404176203290956,0.0,0.8,0.0,0.0,0.0,0.0,network_burst,1,1,-0.0284795087764392,0.6896074670835848,0.2345053935390045,0.2,0.4779104552807227,47.791045528072274,0,MEDIUM,1,MEDIUM,MONITOR
15.498156897807448,0.0,5.0,0.0,0.0,2.0,0.0,0.7,0.0,6.0,0.0,0.0,0.0,0.0,0.0,0.0,collection,1,0,0.0156701040023115,0.5877082298570208,0.1662537084992892,0.0,0.3648029535461837,36.48029535461838,0,LOW,1,MEDIUM,MONITOR
1.0,4.0,1.0,3.0,1.0,0.1667,0.6667,1.0,0.75,0.25,1.0,0.75,0.0,0.0,0.0,0.0,normal,0,0,0.0352233206125713,0.5425785507385158,0.2072920563496705,0.0,0.3502412169936013,35.02412169936014,0,LOW,1,MEDIUM,MONITOR
3.0165269246983097,0.0,5.0,0.0,0.0,2.0,0.0,0.9998560513948296,0.0,6.0,0.0,0.0,0.0,0.0,0.0,0.0,collection,1,0,0.0384569600800996,0.5351151694205841,0.0623213156042792,0.0,0.3098936720823911,30.98936720823911,0,LOW,0,LOW,ALLOW
0.0,4.820397203597308,0.0,5.0,2.0,0.0,2.5,0.0,1.0776730906125682,0.0,0.0,0.9214805912577154,0.0,0.0,0.0,0.0,network_burst,1,1,-0.0419715867726865,0.7207477731902018,0.3239511874283497,0.2,0.5173990721116984,51.73990721116984,0,MEDIUM,1,HIGH,ESCALATE
1.0,0.0,1.0,0.0,0.0,0.1667,0.0,1.0,0.0,1.0,0.0,0.0,0.0,0.0,0.0,0.0,normal,0,0,0.2703048930477036,0.0,0.0101463969020613,0.0,0.0025365992255153,0.2536599225515336,0,LOW,0,LOW,ALLOW
2.8850757734986505,0.0,5.0,0.0,0.0,2.0,0.0,0.906835882185652,0.0,6.0,0.0,0.0,0.0,0.0,0.0,0.0,collection,1,0,0.0450090768690518,0.5199925973074504,0.0673910526678942,0.0,0.3028436916860713,30.284369168607128,0,LOW,0,LOW,ALLOW
1.0,0.0,1.0,0.0,0.0,0.1667,0.0,1.0,0.0,1.0,0.0,0.0,0.0,0.0,0.0,0.0,normal,0,0,0.2703048930477036,0.0,0.0101463969020613,0.0,0.0025365992255153,0.2536599225515336,0,LOW,0,LOW,ALLOW
2.269361300614498,0.0,0.9990982682537364,0.0,0.0,2.0,2.0,1.033392432712681,0.0,0.9692428910722184,1.0170295643282607,0.0,0.0,0.0,0.0,2.0,ioc_activity,1,0,0.0613607437323288,0.4822522350283783,0.0772022387191979,0.0,0.2845392889454076,28.45392889454076,0,LOW,0,LOW,ALLOW
1.0,0.0,1.0,0.0,0.0,0.1667,0.0,1.0,0.0,1.0,0.0,0.0,0.0,0.0,0.0,0.0,normal,0,0,0.2703048930477036,0.0,0.0101463969020613,0.0,0.0025365992255153,0.2536599225515336,0,LOW,0,LOW,ALLOW
2.093397961825132,0.0,0.9758105390074612,5.0,2.0,0.3487075242036753,2.5,0.5069933818641527,0.7,2.161589316351216,0.0,0.8,0.0,0.0,0.0,0.0,network_burst,1,1,-0.0075938040816144,0.6414023471880319,0.1549408273419294,0.2,0.4315064977888999,43.15064977888999,0,LOW,1,MEDIUM,MONITOR
1.0,0.0,1.0,0.0,0.0,0.1667,0.0,1.0,0.0,1.0,0.0,0.0,0.0,0.0,0.0,0.0,normal,0,0,0.2703048930477036,0.0,0.0101463969020613,0.0,0.0025365992255153,0.2536599225515336,0,LOW,0,LOW,ALLOW
4.31263399270282,0.0,3.01131501623187,0.0,0.0,2.5,0.0,0.9188933336123032,0.0,0.952492103184573,0.8,0.0,0.0,0.0,0.0,0.0,process_burst,1,0,0.0824748952235792,0.4335198499352963,0.0894097370431424,0.0,0.2607883517251986,26.07883517251986,0,LOW,0,LOW,ALLOW
8.0,8.0,5.0,6.0,3.0,1.3333,1.3333,0.625,0.75,1.0,0.5,0.75,0.0,0.0,0.0,0.0,normal,0,1,-0.0445461011664339,0.7266898650102673,0.3447292188440554,0.2,0.525861730466661,52.5861730466661,0,MEDIUM,1,HIGH,ESCALATE
1.0,0.0,1.0,0.0,0.0,0.1667,0.0,1.0,0.0,1.0,0.0,0.0,0.0,0.0,0.0,0.0,normal,0,0,0.2703048930477036,0.0,0.0101463969020613,0.0,0.0025365992255153,0.2536599225515336,0,LOW,0,LOW,ALLOW
2.0,0.0,1.0,0.0,0.0,0.3333,0.0,0.5,0.0,2.0,0.0,0.0,0.0,0.0,0.0,0.0,normal,0,0,0.1835552533983478,0.2002219624042369,0.0353935922578223,0.0,0.1189704773867859,11.897047738678593,0,LOW,0,LOW,ALLOW
1.0,0.0,1.0,0.0,0.0,0.1667,0.0,1.0,0.0,1.0,0.0,0.0,0.0,0.0,0.0,0.0,normal,0,0,0.2703048930477036,0.0,0.0101463969020613,0.0,0.0025365992255153,0.2536599225515336,0,LOW,0,LOW,ALLOW
1.0,0.0,1.0,0.0,0.0,0.1667,0.0,1.0,0.0,1.0,0.0,0.0,0.0,0.0,0.0,0.0,normal,0,0,0.2703048930477036,0.0,0.0101463969020613,0.0,0.0025365992255153,0.2536599225515336,0,LOW,0,LOW,ALLOW
1.0,0.0,1.0,0.0,0.0,0.1667,0.0,1.0,0.0,1.0,0.0,0.0,0.0,0.0,0.0,0.0,normal,0,0,0.2703048930477036,0.0,0.0101463969020613,0.0,0.0025365992255153,0.2536599225515336,0,LOW,0,LOW,ALLOW
1.0,0.0,1.0,0.0,0.0,0.1667,0.0,1.0,0.0,1.0,0.0,0.0,0.0,0.0,0.0,0.0,normal,0,0,0.2703048930477036,0.0,0.0101463969020613,0.0,0.0025365992255153,0.2536599225515336,0,LOW,0,LOW,ALLOW
3.0578670596161643,0.0,5.0,0.0,0.0,2.0,0.0,0.959482391818716,0.0,6.0,0.0,0.0,0.0,0.0,0.0,0.0,collection,1,0,0.0414459664224994,0.5282164120547553,0.0649689620411229,0.0,0.3067612671403962,30.67612671403962,0,LOW,0,LOW,ALLOW
10.14359336892122,0.0,3.723538470417714,7.0,3.0,1.8440766338672787,0.0,0.3825469067729159,0.9,10.285397249283209,0.2649380107234266,0.9,0.0,0.0,0.0,0.0,discovery,1,1,-0.070608918902581,0.7868439882320813,0.2745146143251802,0.2,0.5413928471089399,54.13928471089399,0,MEDIUM,1,HIGH,ESCALATE
3.0,3.0,3.0,2.0,2.0,0.5,0.5,1.0,0.6667,1.0,1.0,0.3333,0.0,0.0,0.0,0.0,normal,0,0,0.0303376291039819,0.5538549404215796,0.1934811620437758,0.0,0.3529905077428127,35.29905077428127,0,LOW,1,MEDIUM,MONITOR
1.0,0.0,1.0,0.0,0.0,0.1667,0.0,1.0,0.0,1.0,0.0,0.0,0.0,0.0,0.0,0.0,normal,0,0,0.2703048930477036,0.0,0.0101463969020613,0.0,0.0025365992255153,0.2536599225515336,0,LOW,0,LOW,ALLOW
4.0,1.0,4.0,1.0,1.0,0.6667,0.1667,1.0,1.0,4.0,0.75,1.0,0.0,0.0,0.0,0.0,normal,0,0,0.0494364028161337,0.509774135387482,0.1676071530769559,0.0,0.3222775627323541,32.22775627323541,0,LOW,0,LOW,ALLOW
3.9511291682440377,0.0,3.195775154516615,0.0,0.0,2.5,0.0,1.0344480186079623,0.0,1.0318845269383805,0.8,0.0,0.0,0.0,0.0,0.0,process_burst,1,0,0.0801102545812958,0.438977543957917,0.0854761091279596,0.0,0.2628066764588443,26.28066764588443,0,LOW,0,LOW,ALLOW
12.822556725135534,2.9678336952862256,5.0,2.0603178358870946,0.92317977306385,2.0,0.4989265190830798,0.7,0.620389702446415,6.0,0.2273686253364745,0.0,0.0,0.0,0.0,0.0,collection,1,1,-0.0148505135158536,0.6581511499426437,0.2785432345931617,0.2,0.4716189411167445,47.16189411167445,0,MEDIUM,1,MEDIUM,MONITOR
2.7233876265223924,0.0,5.0,0.0,0.0,2.0,0.0,1.0873814576261909,0.0,6.0,0.0,0.0,0.0,0.0,0.0,0.0,collection,1,0,0.039631224561158,0.5324049156405173,0.0663035842863672,0.0,0.3093985996738763,30.939859967387633,0,LOW,0,LOW,ALLOW
4.0,0.0,4.0,0.0,0.0,0.6667,0.0,1.0,0.0,4.0,1.0,0.0,0.0,0.0,0.0,0.0,normal,0,0,0.1154193385654253,0.3574826338398562,0.0731806846896928,0.0,0.2149106197843441,21.491061978434413,0,LOW,0,LOW,ALLOW
3.0,0.0,2.0,0.0,0.0,0.5,0.0,0.6667,0.0,3.0,0.3333,0.0,0.0,0.0,0.0,0.0,normal,0,0,0.1549715170420574,0.2661944760565666,0.0507087601470374,0.0,0.159084151867871,15.908415186787105,0,LOW,0,LOW,ALLOW
5.756242182608897,0.0,5.0,0.0,0.0,2.0,0.0,1.0253904680864538,0.0,6.0,0.5033905632722373,0.0,0.0,0.0,0.0,0.0,collection,1,0,0.0534096241192397,0.5006037668465895,0.09918725444266,0.0,0.3001288853762892,30.012888537628925,0,LOW,0,LOW,ALLOW
0.0,2.0,0.0,1.0,1.0,0.0,0.3333,0.0,0.5,0.0,0.0,0.5,0.0,0.0,0.0,0.0,normal,0,0,0.0915772974888436,0.4125111074032164,0.1952387824321828,0.0,0.2756908046798147,27.56908046798148,0,LOW,0,LOW,ALLOW
0.9024939755882426,0.0,1.0040460134091989,5.0,2.0,0.1796911450986577,2.5,1.036516319641844,0.7,1.0923099259082063,0.0,0.8,0.0,0.0,0.0,0.0,network_burst,1,1,-0.0038109241844767,0.6326712949369108,0.1322167938074311,0.2,0.4210234106671587,42.10234106671587,0,LOW,1,MEDIUM,MONITOR
11.674060842652931,6.740215972285968,5.58913397835,4.647783372542192,3.2616764780254464,2.5,1.1394738474468808,0.8,0.7218705893020293,0.465985919671793,0.8,0.7113527359308319,0.0,0.0,0.0,0.0,process_burst,1,1,-0.0746040873851572,0.7960650118230757,0.380772215516113,0.4,0.6130288103817199,61.30288103817199,1,MEDIUM,1,HIGH,ESCALATE
3.0427279148111985,0.0,5.0,0.0,0.0,2.0,0.0,0.9993129794294376,0.0,6.0,0.0,0.0,0.0,0.0,0.0,0.0,collection,1,0,0.0382599890542312,0.5355697871630389,0.0624813198514917,0.0,0.3101837129025444,31.018371290254436,0,LOW,0,LOW,ALLOW
1.0,0.0,1.0,0.0,0.0,0.1667,0.0,1.0,0.0,1.0,1.0,0.0,0.0,0.0,0.0,0.0,normal,0,0,0.214101498827036,0.1297198919802611,0.0385554878111522,0.0,0.0809848125419316,8.098481254193167,0,LOW,0,LOW,ALLOW
4.397627726270059,0.0,2.8703450627184233,0.0,0.0,2.5,0.0,1.0300250031117597,0.0,1.0794066797793251,0.8,0.0,0.0,0.0,0.0,0.0,process_burst,1,0,0.0794314119266368,0.4405443424948206,0.0857850212410134,0.0,0.2637456436824048,26.37456436824048,0,LOW,0,LOW,ALLOW
3.1264569210131583,0.0,6.0,6.0,2.0,2.5,2.5,1.0014468355121642,0.0,0.9514661374389968,0.8,0.8,0.0,0.0,0.0,0.0,lateral_movement,1,1,-0.0697555430457619,0.7848743594311854,0.2018106196797668,0.2,0.5221335526070937,52.21335526070937,0,MEDIUM,1,HIGH,ESCALATE
1.0,0.0,1.0,0.0,0.0,0.1667,0.0,1.0,0.0,1.0,0.0,0.0,0.0,0.0,0.0,0.0,normal,0,0,0.2703048930477036,0.0,0.0101463969020613,0.0,0.0025365992255153,0.2536599225515336,0,LOW,0,LOW,ALLOW
4.0,2.0,3.0,1.0,1.0,0.6667,0.3333,0.75,0.5,2.0,0.5,0.5,0.0,0.0,0.0,0.0,normal,0,0,0.0712118693074628,0.4595154063508594,0.164309554604341,0.0,0.2938108621440579,29.38108621440579,0,LOW,0,LOW,ALLOW
3.189026894044856,0.0,6.0,6.0,2.0,2.5,2.5,0.9915794739502772,0.0,1.0050566327145367,0.8,0.8,0.0,0.0,0.0,0.0,lateral_movement,1,1,-0.0692629059043029,0.783737331362656,0.2022316024232054,0.2,0.5216134328552622,52.161343285526215,0,MEDIUM,1,HIGH,ESCALATE
13.0,16.0,5.0,3.0,1.0,2.1667,2.6667,0.3846,0.1875,0.8125,0.3846,0.125,0.0,0.0,0.0,0.0,normal,0,1,-0.0782553538145051,0.8044922944342741,0.3497731627026225,0.4,0.6099140526145064,60.99140526145064,1,MEDIUM,1,HIGH,ESCALATE
0.0,1.0,0.0,1.0,1.0,0.0,0.1667,0.0,1.0,0.0,0.0,1.0,0.0,0.0,0.0,0.0,normal,0,0,0.1598718838192029,0.2548842152118358,0.2001229511219563,0.0,0.1902170561469988,19.021705614699883,0,LOW,0,LOW,ALLOW
1.0,0.0,1.0,0.0,0.0,0.1667,0.0,1.0,0.0,1.0,0.0,0.0,0.0,0.0,0.0,0.0,normal,0,0,0.2703048930477036,0.0,0.0101463969020613,0.0,0.0025365992255153,0.2536599225515336,0,LOW,0,LOW,ALLOW
0.912412621308031,0.0,0.9258060114364084,5.0,2.0,0.1631301992349516,2.5,0.963831298921614,0.7,0.9922198860309815,0.0,0.8,0.0,0.0,0.0,0.0,network_burst,1,1,-0.0066624769215838,0.6392528033700354,0.1324386613381372,0.2,0.4246987071880538,42.46987071880538,0,LOW,1,MEDIUM,MONITOR
4.0,0.0,3.0,0.0,0.0,0.6667,0.0,0.75,0.0,4.0,0.5,0.0,0.0,0.0,0.0,0.0,normal,0,0,0.1639238337807735,0.2455321374839204,0.0676649821795786,0.0,0.1519589211610509,15.195892116105092,0,LOW,0,LOW,ALLOW
0.0,1.0,0.0,1.0,1.0,0.0,0.1667,0.0,1.0,0.0,0.0,1.0,0.0,0.0,0.0,0.0,normal,0,0,0.1598718838192029,0.2548842152118358,0.2001229511219563,0.0,0.1902170561469988,19.021705614699883,0,LOW,0,LOW,ALLOW
1.0,0.0,1.0,0.0,0.0,0.1667,0.0,1.0,0.0,1.0,0.0,0.0,0.0,0.0,0.0,0.0,normal,0,0,0.2703048930477036,0.0,0.0101463969020613,0.0,0.0025365992255153,0.2536599225515336,0,LOW,0,LOW,ALLOW
1.0,0.0,1.0,0.0,0.0,0.1667,0.0,1.0,0.0,1.0,0.0,0.0,0.0,0.0,0.0,0.0,normal,0,0,0.2703048930477036,0.0,0.0101463969020613,0.0,0.0025365992255153,0.2536599225515336,0,LOW,0,LOW,ALLOW
3.999053566825189,0.0,2.7629878295376424,0.0,0.0,2.5,0.0,0.967771127121921,0.0,0.9049646263597144,1.0854920917008055,0.0,0.0,0.0,0.0,0.0,process_burst,1,0,0.0766104732976349,0.4470551922274958,0.0895744482073424,0.0,0.2682739677769583,26.82739677769583,0,LOW,0,LOW,ALLOW
1.0779798014144664,0.0,0.9803323268018752,7.0,3.0,0.1813297705092626,0.0,1.01140035637629,0.9,0.9339599947545416,0.0,0.9,0.0,0.0,0.0,0.0,discovery,1,0,0.0002871442170055,0.623212773832637,0.1305597474540165,0.0,0.3754069624714545,37.54069624714545,0,LOW,1,MEDIUM,MONITOR
0.0,7.0,0.0,5.0,2.0,0.0,1.1667,0.0,0.7143,0.0,0.0,0.7143,0.0,0.0,0.0,0.0,normal,0,1,-0.0344026452299041,0.7032783250732481,0.2913131783380507,0.2,0.4996313733747991,49.963137337479914,0,MEDIUM,1,MEDIUM,MONITOR
5.764005159218638,11.215257411223911,6.0,6.0,2.1308032058432,2.5,2.5,1.0423434239843594,1.0716868970146365,0.6245368345946135,0.9001649233669371,0.8,0.0,0.0,0.0,0.0,lateral_movement,1,1,-0.0902366869217429,0.8321457352629222,0.354146225776939,0.4,0.6262167108388421,62.62167108388421,1,MEDIUM,1,HIGH,ESCALATE
7.0,0.0,5.0,0.0,0.0,1.1667,0.0,0.7143,0.0,7.0,0.7143,0.0,0.0,0.0,0.0,0.0,normal,0,0,0.0685893673891352,0.4655682554764445,0.1221722094047061,0.0,0.286605592863221,28.66055928632211,0,LOW,0,LOW,ALLOW
9.458226531791336,1.0684910002905337,5.0,0.9072860391365768,1.011238059359558,2.0,0.1787139319986646,1.0296795370406724,0.9840444958064876,6.0,0.6452354102801496,1.040755538908045,0.0,0.0,0.0,0.0,collection,1,1,-0.0128453047235531,0.6535230403499416,0.2351882365558115,0.2,0.4582347313314208,45.82347313314208,0,MEDIUM,1,MEDIUM,MONITOR
2.0,0.0,2.0,0.0,0.0,0.3333,0.0,1.0,0.0,2.0,0.5,0.0,0.0,0.0,0.0,0.0,normal,0,0,0.1825544725916962,0.2025318082762684,0.022728162487655,0.0,0.1170745351738614,11.707453517386142,0,LOW,0,LOW,ALLOW
3.7187511919360463,0.0,2.94242063444446,0.0,0.0,2.5,0.0,0.9609409207521664,0.0,1.0221975094073257,0.8,0.0,0.0,0.0,0.0,0.0,process_burst,1,0,0.0846900354340354,0.4284072094479029,0.0813463275659112,0.0,0.2559605470878244,25.596054708782447,0,LOW,0,LOW,ALLOW
1.08830777134762,0.0,1.0792244164847262,5.0,2.0,0.1782515943925057,2.5,0.982713586261994,0.7,0.949051794604642,0.0,0.8,0.0,0.0,0.0,0.0,network_burst,1,1,-0.0022643432317807,0.6291017184566227,0.129159761934125,0.2,0.4182958856346737,41.82958856346737,0,LOW,1,MEDIUM,MONITOR
1.0,0.0,1.0,0.0,0.0,0.1667,0.0,1.0,0.0,1.0,0.0,0.0,0.0,0.0,0.0,0.0,normal,0,0,0.2703048930477036,0.0,0.0101463969020613,0.0,0.0025365992255153,0.2536599225515336,0,LOW,0,LOW,ALLOW
2.872685408976821,4.1433162947511155,6.0,6.0,2.0,2.5,2.5,0.9439986878654524,1.062503268049593,1.0472708194294045,0.8,0.8,0.0,0.0,0.0,0.0,lateral_movement,1,1,-0.0727280429908584,0.7917350193101125,0.328037781140587,0.2,0.5574637059057087,55.74637059057087,0,MEDIUM,1,HIGH,ESCALATE
0.0,1.0,0.0,1.0,1.0,0.0,0.1667,0.0,1.0,0.0,0.0,1.0,0.0,0.0,0.0,0.0,normal,0,0,0.1598718838192029,0.2548842152118358,0.2001229511219563,0.0,0.1902170561469988,19.021705614699883,0,LOW,0,LOW,ALLOW
1.0,0.0,1.0,0.0,0.0,0.1667,0.0,1.0,0.0,1.0,1.0,0.0,0.0,0.0,0.0,0.0,normal,0,0,0.214101498827036,0.1297198919802611,0.0385554878111522,0.0,0.0809848125419316,8.098481254193167,0,LOW,0,LOW,ALLOW
1.0,0.0,1.0,0.0,0.0,0.1667,0.0,1.0,0.0,1.0,0.0,0.0,0.0,0.0,0.0,0.0,normal,0,0,0.2703048930477036,0.0,0.0101463969020613,0.0,0.0025365992255153,0.2536599225515336,0,LOW,0,LOW,ALLOW
1.0,0.0,1.0,0.0,0.0,0.1667,0.0,1.0,0.0,1.0,0.0,0.0,0.0,0.0,0.0,0.0,normal,0,0,0.2703048930477036,0.0,0.0101463969020613,0.0,0.0025365992255153,0.2536599225515336,0,LOW,0,LOW,ALLOW
2.6529952911927692,2.2934002216753617,0.908879459382118,1.0995350894739646,1.073891424646938,2.0,2.0,0.9876632618828975,0.9573671109360304,0.9260049990035806,1.000241826707693,0.0,0.0,0.0,0.0,2.0,ioc_activity,1,1,-0.008182495262662,0.6427610721809638,0.1797665766695485,0.2,0.4384602338669172,43.846023386691726,0,LOW,1,MEDIUM,MONITOR
1.0,0.0,1.0,0.0,0.0,0.1667,0.0,1.0,0.0,1.0,0.0,0.0,0.0,0.0,0.0,0.0,normal,0,0,0.2703048930477036,0.0,0.0101463969020613,0.0,0.0025365992255153,0.2536599225515336,0,LOW,0,LOW,ALLOW
6.349741785369147,0.0,3.664923200339119,7.0,3.0,0.9988629067069236,0.0,0.6757894346211906,0.9,6.403935649239232,0.4608657103262262,0.9,0.0,0.0,0.0,0.0,discovery,1,1,-0.0357890948085847,0.706478311338782,0.2195818230255171,0.2,0.4834585269927094,48.34585269927094,0,MEDIUM,1,MEDIUM,MONITOR
2.284413707658123,0.0,1.0046847695689785,0.0,0.0,2.0,2.0,0.9503421283498864,0.0,0.920162275560356,1.0317692296946852,0.0,0.0,0.0,0.0,2.0,ioc_activity,1,0,0.0595108299050201,0.4865219170498785,0.0782931139036919,0.0,0.2871603328533562,28.716033285335623,0,LOW,0,LOW,ALLOW
4.0,0.0,3.0,0.0,0.0,0.6667,0.0,0.75,0.0,4.0,0.5,0.0,0.0,0.0,0.0,0.0,normal,0,0,0.1639238337807735,0.2455321374839204,0.0676649821795786,0.0,0.1519589211610509,15.195892116105092,0,LOW,0,LOW,ALLOW
1.030537346973851,0.0,1.0998843818448376,5.0,2.0,0.174296295587617,2.5,0.963665277525804,0.7,0.9849553849630912,0.0,0.8,0.0,0.0,0.0,0.0,network_burst,1,1,-0.0029420665728026,0.6306659335686974,0.1311716554786668,0.2,0.4196591773324503,41.96591773324503,0,LOW,1,MEDIUM,MONITOR
1.0,0.0,1.0,0.0,0.0,0.1667,0.0,1.0,0.0,1.0,1.0,0.0,0.0,0.0,0.0,0.0,normal,0,0,0.214101498827036,0.1297198919802611,0.0385554878111522,0.0,0.0809848125419316,8.098481254193167,0,LOW,0,LOW,ALLOW
4.0,0.0,1.0,0.0,0.0,0.6667,0.0,0.25,0.0,4.0,0.0,0.0,0.0,0.0,0.0,0.0,normal,0,0,0.111516356919041,0.366490886181024,0.0723960129046996,0.0,0.2196689906257381,21.966899062573813,0,LOW,0,LOW,ALLOW
2.0,0.0,1.0,0.0,0.0,0.3333,0.0,0.5,0.0,2.0,0.0,0.0,0.0,0.0,0.0,0.0,normal,0,0,0.1835552533983478,0.2002219624042369,0.0353935922578223,0.0,0.1189704773867859,11.897047738678593,0,LOW,0,LOW,ALLOW
50.24667509443573,56.5228322613772,6.709273517953579,6.024924729551003,2.904083372213088,3.5478132277617376,3.260321059301935,0.3222457187817041,0.2858711487699966,0.985141147336611,0.317731512065446,0.2908211640950098,0.0,0.0,0.0,2.0,ioc_activity,1,1,-0.1423652459868996,0.9524607294867438,0.4414714886498961,0.2,0.6742212733801831,67.42212733801831,1,MEDIUM,1,HIGH,ESCALATE
6.006184073830498,0.0,5.0,0.0,0.0,2.0,0.0,1.060540995225376,0.0,6.0,0.5459096063371112,0.0,0.0,0.0,0.0,0.0,collection,1,0,0.0512938454770054,0.5054870764888362,0.1047798371502615,0.0,0.3042128513564253,30.421285135642528,0,LOW,0,LOW,ALLOW
1.0,0.0,1.0,0.0,0.0,0.1667,0.0,1.0,0.0,1.0,0.0,0.0,0.0,0.0,0.0,0.0,normal,0,0,0.2703048930477036,0.0,0.0101463969020613,0.0,0.0025365992255153,0.2536599225515336,0,LOW,0,LOW,ALLOW
12.52585264934526,0.0,3.623867816079758,5.0,2.0,2.0217424648704863,2.5,0.320505934643968,0.7,12.524598244937946,0.2488032981405528,0.8,0.0,0.0,0.0,0.0,network_burst,1,1,-0.0631925969500719,0.7697267928044689,0.2965861381206279,0.2,0.5374962705726148,53.749627057261485,0,MEDIUM,1,HIGH,ESCALATE
3.274616044809254,0.0,6.0,6.0,2.0,2.5,2.5,0.9672762176113414,0.0,0.9023618176358008,0.8,0.8,0.0,0.0,0.0,0.0,lateral_movement,1,1,-0.0676262385748326,0.7799598315847432,0.2046024033474366,0.4,0.560128508208468,56.01285082084681,0,MEDIUM,1,HIGH,ESCALATE
39.37750234107081,60.43933826783588,6.0,6.0,2.0,2.5,2.5,0.4216197902255625,0.1919122590063748,0.8304221171518759,0.8,0.8,0.0,0.0,0.0,0.0,lateral_movement,1,1,-0.1317185967552845,0.9278877974169406,0.4215626654619573,0.6,0.7357289549448067,73.57289549448068,1,HIGH,1,CRITICAL,ESCALATE_AND_CONTAIN
1.8982798971979924,0.0,1.810872853399034,7.0,3.0,0.3423364531983189,0.0,1.006322583739088,0.9,1.9798128964494084,0.5140439212103641,0.9,0.0,0.0,0.0,0.0,discovery,1,1,-0.0053304465362896,0.6361784189829223,0.1430644444073003,0.8,0.5456642415424324,54.56642415424324,0,MEDIUM,1,HIGH,ESCALATE
3.618169658507088,0.0,3.1334156103578703,0.0,0.0,2.5,0.0,1.0392640750155473,0.0,0.9762042452192964,0.8,0.0,0.0,0.0,0.0,0.0,process_burst,1,0,0.0820008554122001,0.434613954552626,0.0827660950473265,0.0,0.2597291987657759,25.972919876577592,0,LOW,0,LOW,ALLOW
2.0,0.0,2.0,0.0,0.0,0.3333,0.0,1.0,0.0,2.0,1.0,0.0,0.0,0.0,0.0,0.0,normal,0,0,0.1580166034245777,0.2591662835054155,0.0369327079422005,0.0,0.1517746329135287,15.177463291352868,0,LOW,0,LOW,ALLOW
0.0,1.0,0.0,1.0,1.0,0.0,0.1667,0.0,1.0,0.0,0.0,0.0,0.0,0.0,0.0,0.0,normal,0,0,0.0914358356742399,0.4128376074583141,0.1717138602128654,0.0,0.2699891491552891,26.99891491552891,0,LOW,0,LOW,ALLOW
1.072126080279226,0.0,1.0335698317695974,5.0,2.0,0.1546527409044222,2.5,1.0349473094698556,0.7,0.9405044815848372,0.0,0.8,0.0,0.0,0.0,0.0,network_burst,1,1,-0.0025610477017089,0.6297865253499223,0.1309865889152611,0.2,0.4191292361712725,41.91292361712725,0,LOW,1,MEDIUM,MONITOR
25.32992664954268,41.10984730317905,6.0,6.889476878193997,2.0,2.5,2.5,0.2319972047529184,0.7110637251478672,0.8984818381206598,0.8,0.8,0.0,0.0,0.0,0.0,lateral_movement,1,1,-0.1266826078802378,0.9162645148386684,0.4556189471860452,0.4,0.697850219957779,69.7850219957779,1,MEDIUM,1,HIGH,ESCALATE
4.2788483910189,0.0,3.182635096768247,0.0,0.0,2.5,0.0,0.9404809186251436,0.0,1.0721438136651789,0.8,0.0,0.0,0.0,0.0,0.0,process_burst,1,0,0.0800244240965293,0.4391756444706514,0.08907692924592,0.0,0.2638158367703383,26.38158367703383,0,LOW,0,LOW,ALLOW
5.024811187609204,2.7139291127314946,2.184090401809187,0.9255764768704632,0.9698008451110902,2.0,2.0,0.9649541257268962,0.9046582120009388,1.8614086723724796,0.5062329494417744,1.030618013260837,0.0,0.0,0.0,2.0,ioc_activity,1,1,-0.010094758832665,0.647174660135539,0.2295756263644601,0.2,0.4533399696656616,45.33399696656616,0,MEDIUM,1,MEDIUM,MONITOR
2.256232829918941,0.0,1.0415361820160154,0.0,0.0,2.0,2.0,1.0697544170120954,0.0,0.9446072255996592,0.0,0.0,0.0,0.0,0.0,2.0,ioc_activity,1,0,0.0845816771018862,0.4286573052176773,0.0506681967010578,0.0,0.248428567044987,24.842856704498704,0,LOW,0,LOW,ALLOW
0.992935927571466,0.0,0.9438378432957264,5.0,2.0,0.1539944710034522,2.5,0.935258273004426,0.7,1.06462152456138,0.9797013246948424,0.8,0.0,0.0,0.0,0.0,network_burst,1,1,-0.017953627923102,0.6653132737127884,0.1616463767225996,0.2,0.4463338947226836,44.63338947226836,0,LOW,1,MEDIUM,MONITOR
4.517860959175181,6.509954967248335,1.0903857580161818,7.0,3.0,0.9116637940844904,0.3603574419063931,0.2188284064478485,0.9,2.2890780699426942,0.0,0.9,0.0,0.0,0.0,0.0,discovery,1,1,-0.0496323074715122,0.7384290516133686,0.2970831874051393,0.4,0.5604067752386377,56.04067752386377,0,MEDIUM,1,HIGH,ESCALATE
4.375852093364456,1.096915616286325,2.872936947292743,1.0467506994875833,1.0499967075870538,2.5,0.1541598182939731,0.908189392057144,1.055468625505836,0.9979399483633812,0.8,0.0,0.0,0.0,0.0,0.0,process_burst,1,0,0.0238456015432056,0.5688388239680131,0.1672691511457074,0.0,0.354678640968834,35.4678640968834,0,LOW,1,MEDIUM,MONITOR
3.0,1.0,3.0,1.0,1.0,0.5,0.1667,1.0,1.0,3.0,1.0,0.0,0.0,0.0,0.0,0.0,normal,0,0,0.0588451601271886,0.4880583120109335,0.1281763465213916,0.0,0.3004761582363613,30.047615823636136,0,LOW,0,LOW,ALLOW
1.0,0.0,1.0,0.0,0.0,0.1667,0.0,1.0,0.0,1.0,0.0,0.0,0.0,0.0,0.0,0.0,normal,0,0,0.2703048930477036,0.0,0.0101463969020613,0.0,0.0025365992255153,0.2536599225515336,0,LOW,0,LOW,ALLOW
1.0,0.0,1.0,0.0,0.0,0.1667,0.0,1.0,0.0,1.0,1.0,0.0,0.0,0.0,0.0,0.0,normal,0,0,0.214101498827036,0.1297198919802611,0.0385554878111522,0.0,0.0809848125419316,8.098481254193167,0,LOW,0,LOW,ALLOW
2.0,0.0,1.0,0.0,0.0,0.3333,0.0,0.5,0.0,2.0,0.0,0.0,0.0,0.0,0.0,0.0,normal,0,0,0.1835552533983478,0.2002219624042369,0.0353935922578223,0.0,0.1189704773867859,11.897047738678593,0,LOW,0,LOW,ALLOW
0.0,1.0,0.0,1.0,1.0,0.0,0.1667,0.0,1.0,0.0,0.0,1.0,0.0,0.0,0.0,0.0,normal,0,0,0.1598718838192029,0.2548842152118358,0.2001229511219563,0.0,0.1902170561469988,19.021705614699883,0,LOW,0,LOW,ALLOW
0.9795050049109988,0.0,0.9256105221095574,5.0,2.0,0.153473471193429,2.5,1.0178662332254953,0.7,0.9817338754733426,0.0,0.8,0.0,0.0,0.0,0.0,network_burst,1,1,-0.007053645483161,0.6401556375183546,0.1313019068681213,0.2,0.4249110773521254,42.49110773521254,0,LOW,1,MEDIUM,MONITOR
0.0,0.9346255692845008,0.0,0.936706645776064,1.0960054359108389,2.5,0.1761712588177025,0.8,1.0144826299917276,0.0,0.8,0.9602685265029436,0.0,0.0,0.0,0.0,process_burst,1,0,0.0299883179793305,0.5546611657747919,0.1875972821828588,0.0,0.3519629617218502,35.19629617218503,0,LOW,1,MEDIUM,MONITOR
1.0,0.0,1.0,0.0,0.0,0.1667,0.0,1.0,0.0,1.0,0.0,0.0,0.0,0.0,0.0,0.0,normal,0,0,0.2703048930477036,0.0,0.0101463969020613,0.0,0.0025365992255153,0.2536599225515336,0,LOW,0,LOW,ALLOW
0.0,2.0,0.0,2.0,1.0,0.0,0.3333,0.0,1.0,0.0,0.0,0.0,0.0,0.0,0.0,0.0,normal,0,0,0.0715927554345426,0.4586363045110739,0.2015427069124072,0.0,0.3026356442091925,30.26356442091925,0,LOW,0,LOW,ALLOW
3.091540351060249,0.0,5.0,0.0,0.0,2.0,0.0,1.0901329682938972,0.0,6.0,0.9913491196708,0.0,0.0,0.0,0.0,0.0,collection,1,0,0.0447390568014357,0.5206158154331412,0.0974509499018213,0.0,0.310701435963683,31.070143596368304,0,LOW,0,LOW,ALLOW
4.0,8.0,3.0,6.0,3.0,0.6667,1.3333,0.75,0.75,0.5,0.5,0.75,0.0,0.0,0.0,0.0,normal,0,1,-0.0212732055501854,0.6729750040615757,0.2803401870817334,0.2,0.4802212990043001,48.02212990043001,0,MEDIUM,1,MEDIUM,MONITOR
3.058667604378023,0.0,6.0,6.0,2.0,2.5,2.5,0.9363885910553504,0.0,0.9896916524537716,0.8,0.8,0.0,0.0,0.0,0.0,lateral_movement,1,1,-0.0701262072887083,0.7857298687153252,0.2051554700749394,0.4,0.5634402953121638,56.34402953121638,0,MEDIUM,1,HIGH,ESCALATE
5.115135589988422,0.0,0.907782164154843,0.0,0.0,2.0,2.0,0.4923585348294786,0.0,1.8189536935270392,0.0,0.0,0.0,0.0,0.0,2.0,ioc_activity,1,0,0.0522919370267361,0.5031834375393958,0.1037060426418236,0.0,0.3026774013071236,30.26774013071236,0,LOW,0,LOW,ALLOW
1.0,0.0,1.0,0.0,0.0,0.1667,0.0,1.0,0.0,1.0,0.0,0.0,0.0,0.0,0.0,0.0,normal,0,0,0.2703048930477036,0.0,0.0101463969020613,0.0,0.0025365992255153,0.2536599225515336,0,LOW,0,LOW,ALLOW
1.0,1.0,1.0,1.0,1.0,0.1667,0.1667,1.0,1.0,1.0,0.0,1.0,0.0,0.0,0.0,0.0,normal,0,0,0.0956071063265319,0.4032101323575884,0.1116751380165971,0.0,0.2496843573008229,24.968435730082295,0,LOW,0,LOW,ALLOW
0.0,1.0,0.0,1.0,1.0,0.0,0.1667,0.0,1.0,0.0,0.0,1.0,0.0,0.0,0.0,0.0,normal,0,0,0.1598718838192029,0.2548842152118358,0.2001229511219563,0.0,0.1902170561469988,19.021705614699883,0,LOW,0,LOW,ALLOW
1.0,0.0,1.0,0.0,0.0,0.1667,0.0,1.0,0.0,1.0,0.0,0.0,0.0,0.0,0.0,0.0,normal,0,0,0.2703048930477036,0.0,0.0101463969020613,0.0,0.0025365992255153,0.2536599225515336,0,LOW,0,LOW,ALLOW
34.66003226257432,10.48538513345017,5.417619412272085,7.4580427943289616,2.1426192094298235,2.5,1.5512353237728722,0.8,0.6467541578210851,0.8756854849940855,0.8,0.6594557367100365,0.0,0.0,0.0,0.0,process_burst,1,1,-0.1147974192304801,0.8888329796228708,0.3978021759419431,0.2,0.6283086827780647,62.83086827780647,1,MEDIUM,1,HIGH,ESCALATE
3.239025230363625,0.0,5.0,0.0,0.0,2.0,0.0,1.0310918785440004,0.0,6.0,0.0,0.0,0.0,0.0,0.0,0.0,collection,1,0,0.0390593998388731,0.5337247121089512,0.0662206259456612,0.0,0.3101037481463385,31.010374814633852,0,LOW,0,LOW,ALLOW
1.0,0.0,1.0,0.0,0.0,0.1667,0.0,1.0,0.0,1.0,1.0,0.0,0.0,0.0,0.0,0.0,normal,0,0,0.214101498827036,0.1297198919802611,0.0385554878111522,0.0,0.0809848125419316,8.098481254193167,0,LOW,0,LOW,ALLOW
4.104729606218124,0.0,2.0553870111058963,7.0,3.0,0.6596853495239599,0.0,0.4967652452450212,0.9,4.237257383842153,0.4760703781335945,0.9,0.0,0.0,0.0,0.0,discovery,1,1,-0.0149139531773583,0.6582975714560018,0.1978374426820719,0.2,0.451523024971319,45.1523024971319,0,MEDIUM,1,MEDIUM,MONITOR
2.415012171624333,0.0,0.9960160150389086,0.0,0.0,2.0,2.0,1.0106397263075575,0.0,1.0038452208576594,0.0,0.0,0.0,0.0,0.0,2.0,ioc_activity,1,0,0.085525926369066,0.4264779366112175,0.0478264025924428,0.0,0.2465194657842803,24.65194657842804,0,LOW,0,LOW,ALLOW
9.0,10.0,2.0,7.0,2.0,1.5,1.6667,0.2222,0.7,0.9,0.1111,0.6,0.0,0.0,0.0,0.0,normal,0,1,-0.0580414612143164,0.7578377462356024,0.3375379189856435,0.2,0.5411952401759923,54.11952401759923,0,MEDIUM,1,HIGH,ESCALATE
1.0057083457884906,0.0,0.9606404153269184,7.0,3.0,0.1828714568686738,0.0,1.0596896689656117,0.9,0.9641700148134376,1.009456568240975,0.9,0.0,0.0,0.0,0.0,discovery,1,1,-0.0090432183239349,0.6447476586510774,0.1633552261359127,0.4,0.4754500187920708,47.545001879207085,0,MEDIUM,1,MEDIUM,MONITOR
19.5513667806546,0.0,2.7064365869854057,0.0,0.0,2.5,0.0,0.8,0.0,5.055969428028448,0.8,0.0,0.0,0.0,0.0,0.0,process_burst,1,0,0.0014622207621287,0.620500645773192,0.1686390971184126,0.0,0.3834351294548587,38.34351294548588,0,LOW,1,MEDIUM,MONITOR
20.219409877565933,0.0,3.197873845879448,0.0,0.0,2.5,0.0,0.8,0.0,5.436043570048964,0.8,0.0,0.0,0.0,0.0,0.0,process_burst,1,0,0.0019590171657908,0.6193540179455879,0.1728073029720937,0.0,0.3838465356130968,38.38465356130968,0,LOW,1,MEDIUM,MONITOR
1.0,0.0,1.0,0.0,0.0,0.1667,0.0,1.0,0.0,1.0,1.0,0.0,0.0,0.0,0.0,0.0,normal,0,0,0.214101498827036,0.1297198919802611,0.0385554878111522,0.0,0.0809848125419316,8.098481254193167,0,LOW,0,LOW,ALLOW
0.0,5.454137694851134,0.0,7.0,3.0,0.0,0.3556116129040336,0.0,1.006979630595174,0.0,0.0,0.9,0.0,0.0,0.0,0.0,discovery,1,1,-0.0449705904013832,0.7276696047300467,0.3171704773793472,0.2,0.5195109019463625,51.95109019463625,0,MEDIUM,1,HIGH,ESCALATE
1.0,0.0,1.0,0.0,0.0,0.1667,0.0,1.0,0.0,1.0,0.0,0.0,0.0,0.0,0.0,0.0,normal,0,0,0.2703048930477036,0.0,0.0101463969020613,0.0,0.0025365992255153,0.2536599225515336,0,LOW,0,LOW,ALLOW
27.63541508698965,2.0713242433606833,5.0,1.0033149009686024,1.0207889329957254,2.0,0.3027199271468874,0.7,0.5154995924201464,6.0,0.1003411479742084,0.5057583496826383,0.0,0.0,0.0,0.0,collection,1,1,-0.0338844652353702,0.7020823429826764,0.2679794054960621,0.2,0.4931401400144876,49.31401400144876,0,MEDIUM,1,MEDIUM,MONITOR
1.0484635898835954,0.0,1.030687841801899,5.0,2.0,0.1607818948546032,2.5,1.0748628730581615,0.7,1.012297878882877,0.0,0.8,0.0,0.0,0.0,0.0,network_burst,1,1,-0.003435362325367,0.6318044817404632,0.1338942830047697,0.4,0.4609660357084472,46.09660357084472,0,MEDIUM,1,MEDIUM,MONITOR
2.0,0.0,1.0,0.0,0.0,0.3333,0.0,0.5,0.0,2.0,0.0,0.0,0.0,0.0,0.0,0.0,normal,0,0,0.1835552533983478,0.2002219624042369,0.0353935922578223,0.0,0.1189704773867859,11.897047738678593,0,LOW,0,LOW,ALLOW
0.9383842322822172,0.0,1.0623976403021091,7.0,3.0,0.1546994471923476,0.0,1.0628947752061868,0.9,0.9552414726913132,1.0929037772278405,0.9,0.0,0.0,0.0,0.0,discovery,1,1,-0.0123196280295941,0.65230975554922,0.1665443534270521,0.2,0.440406453908834,44.040645390883405,0,LOW,1,MEDIUM,MONITOR
2.456871162492829,0.0,0.958061851341534,0.0,0.0,2.0,2.0,0.9565959081722626,0.0,1.028545062936012,0.0,0.0,0.0,0.0,0.0,2.0,ioc_activity,1,0,0.0862400927718072,0.4248296093188163,0.0502402116785332,0.0,0.2462163380449822,24.621633804498227,0,LOW,0,LOW,ALLOW
5.0,2.0,1.0,1.0,1.0,0.8333,0.3333,0.2,0.5,2.5,0.0,0.5,0.0,0.0,0.0,0.0,normal,0,0,0.073628153053201,0.4539385177867954,0.1822252242120644,0.0,0.2952224908357536,29.522249083575364,0,LOW,0,LOW,ALLOW
0.9343920703874046,0.0,0.993991188057468,5.0,2.0,0.1520132863173925,2.5,1.0171542650309446,0.7,1.0359054018417917,0.0,0.8,0.0,0.0,0.0,0.0,network_burst,1,1,-0.0047609665025274,0.6348640341581462,0.1310313335030762,0.2,0.4219330521627494,42.19330521627494,0,LOW,1,MEDIUM,MONITOR
2.3292650145597293,0.0,1.0758933711179754,0.0,0.0,2.0,2.0,1.0358901666591884,0.0,0.9839621122111571,0.0,0.0,0.0,0.0,0.0,2.0,ioc_activity,1,0,0.0831913402780433,0.431866263415059,0.0491128806372895,0.0,0.2498046650376048,24.98046650376049,0,LOW,0,LOW,ALLOW
1.072827365838545,0.0,0.9695801551513183,7.0,3.0,0.1646276377996324,0.0,0.9756619644746832,0.9,1.0080953384341511,0.0,0.9,0.0,0.0,0.0,0.0,discovery,1,1,-0.000148227510042,0.6242176308201374,0.1312666745336391,0.2,0.4161363655844853,41.61363655844853,0,LOW,1,MEDIUM,MONITOR
16.3180249328667,2.149824816334986,8.453582398286233,0.962064734580019,1.0554809676482355,2.5,0.3333494074722481,0.8,0.4513936287708202,1.8918624119995424,0.8,0.5177658673612858,0.0,0.0,0.0,0.0,process_burst,1,1,-0.0416080075863557,0.7199086165266038,0.3169449625587989,0.4,0.5551859797293319,55.51859797293319,0,MEDIUM,1,HIGH,ESCALATE
1.0,2.0,1.0,2.0,2.0,0.1667,0.3333,1.0,1.0,0.5,1.0,1.0,0.0,0.0,0.0,0.0,normal,0,0,0.0252221514098774,0.5656616866707705,0.1812767119888662,0.0,0.3564331056661404,35.64331056661404,0,LOW,1,MEDIUM,MONITOR
11.79217978653566,0.0,5.0,0.0,0.0,2.0,0.0,0.9284207851703286,0.0,6.0,1.0636454705254514,0.0,0.0,0.0,0.0,0.0,collection,1,0,0.0156088714518975,0.5878495572614508,0.1635565686381759,0.0,0.364206398653342,36.420639865334195,0,LOW,1,MEDIUM,MONITOR
1.0,0.0,1.0,0.0,0.0,0.1667,0.0,1.0,0.0,1.0,0.0,0.0,0.0,0.0,0.0,0.0,normal,0,0,0.2703048930477036,0.0,0.0101463969020613,0.0,0.0025365992255153,0.2536599225515336,0,LOW,0,LOW,ALLOW
1.0,0.0,1.0,0.0,0.0,0.1667,0.0,1.0,0.0,1.0,0.0,0.0,0.0,0.0,0.0,0.0,normal,0,0,0.2703048930477036,0.0,0.0101463969020613,0.0,0.0025365992255153,0.2536599225515336,0,LOW,0,LOW,ALLOW
1.0,0.0,1.0,0.0,0.0,0.1667,0.0,1.0,0.0,1.0,1.0,0.0,0.0,0.0,0.0,0.0,normal,0,0,0.214101498827036,0.1297198919802611,0.0385554878111522,0.0,0.0809848125419316,8.098481254193167,0,LOW,0,LOW,ALLOW
2.4055319175522953,0.0,0.9266991670183704,0.0,0.0,2.0,2.0,1.0060690035221704,0.0,1.0336988580648705,0.0,0.0,0.0,0.0,0.0,2.0,ioc_activity,1,0,0.0850278788065747,0.4276274521681206,0.0480185726151524,0.0,0.2471997418462544,24.71997418462545,0,LOW,0,LOW,ALLOW
1.0,1.0,1.0,1.0,1.0,0.1667,0.1667,1.0,1.0,1.0,0.0,0.0,0.0,0.0,0.0,0.0,normal,0,0,0.1222823582045785,0.3416424843507708,0.0832660471075062,0.0,0.2087198781698005,20.871987816980052,0,LOW,0,LOW,ALLOW
5.0,0.0,1.0,0.0,0.0,0.8333,0.0,0.2,0.0,5.0,0.0,0.0,0.0,0.0,0.0,0.0,normal,0,0,0.1213267886169122,0.3438479807520205,0.085580651787302,0.0,0.2105115523604368,21.051155236043684,0,LOW,0,LOW,ALLOW
0.0,1.0,0.0,1.0,1.0,0.0,0.1667,0.0,1.0,0.0,0.0,1.0,0.0,0.0,0.0,0.0,normal,0,0,0.1598718838192029,0.2548842152118358,0.2001229511219563,0.0,0.1902170561469988,19.021705614699883,0,LOW,0,LOW,ALLOW
1.0,0.0,1.0,0.0,0.0,0.1667,0.0,1.0,0.0,1.0,0.0,0.0,0.0,0.0,0.0,0.0,normal,0,0,0.2703048930477036,0.0,0.0101463969020613,0.0,0.0025365992255153,0.2536599225515336,0,LOW,0,LOW,ALLOW
6.000251579176022,0.0,4.279784153120982,7.0,3.0,0.957378482712691,0.0,0.6350812634301853,0.9,6.592227027775012,0.5490278087092755,0.9,0.0,0.0,0.0,0.0,discovery,1,1,-0.0381117714628301,0.7118391506416689,0.2270245726018439,0.2,0.4882676760033789,48.826767600337895,0,MEDIUM,1,MEDIUM,MONITOR
3.624654267654352,0.0,2.828750803691718,0.0,0.0,2.5,0.0,0.9562767784043994,0.0,1.032383302945379,0.8,0.0,0.0,0.0,0.0,0.0,process_burst,1,0,0.0851092331460577,0.4274396827944697,0.0799999155856557,0.0,0.2550918044333722,25.509180443337225,0,LOW,0,LOW,ALLOW
3.709926344030242,0.0,3.180530505651058,0.0,0.0,2.5,0.0,0.9506766707678376,0.0,0.9190098395128804,1.0232331400048242,0.0,0.0,0.0,0.0,0.0,process_burst,1,0,0.0763261499233746,0.4477114230104927,0.090368329803838,0.0,0.2688333651067305,26.883336510673058,0,LOW,0,LOW,ALLOW
5.0,0.0,1.0,0.0,0.0,0.8333,0.0,0.2,0.0,5.0,0.2,0.0,0.0,0.0,0.0,0.0,normal,0,0,0.0960902308953454,0.4020950597227679,0.0912624699691202,0.0,0.2439679003398024,24.396790033980245,0,LOW,0,LOW,ALLOW
0.0,2.978205428808901,0.0,7.0,3.0,0.0,0.1706579507041758,0.0,0.992345439436902,0.0,0.0,0.9279247308358242,0.0,0.0,0.0,0.0,discovery,1,1,-0.0264655244269488,0.6849591031210794,0.2941465962918572,0.2,0.490264155789558,49.026415578955806,0,MEDIUM,1,MEDIUM,MONITOR
2.0,0.0,2.0,0.0,0.0,0.3333,0.0,1.0,0.0,2.0,0.5,0.0,0.0,0.0,0.0,0.0,normal,0,0,0.1825544725916962,0.2025318082762684,0.022728162487655,0.0,0.1170745351738614,11.707453517386142,0,LOW,0,LOW,ALLOW
0.0,34.92651404555046,0.0,5.0,2.1122324550106337,0.0,2.5,0.0,0.7,0.0,0.0,0.8,0.0,0.0,0.0,0.0,network_burst,1,1,-0.0797459405266782,0.807932633758464,0.3097178003594009,0.2,0.5617923986570055,56.179239865700545,0,MEDIUM,1,HIGH,ESCALATE
15.651170899321636,0.0,3.913633969489485,0.0,0.0,2.0,2.0,0.6860173811111462,0.0,6.08053123858655,0.4996558817043616,0.0,0.0,0.0,0.0,2.0,ioc_activity,1,0,0.0001221482950387,0.6235935916368195,0.1949525220586503,0.0,0.3917146059149133,39.17146059149133,0,LOW,1,MEDIUM,MONITOR
5.0,1.0,3.0,1.0,1.0,0.8333,0.1667,0.6,1.0,5.0,0.6,0.0,0.0,0.0,0.0,0.0,normal,0,0,0.0387362501195313,0.5344705557945105,0.163897289357035,0.0,0.3349331280262395,33.493312802623954,0,LOW,0,LOW,ALLOW
3.197452550001542,2.052514366922434,5.0,1.0278425319873004,1.0380991102435626,2.0,0.3638364513268489,1.017120752293116,0.5281465839402422,6.0,0.0,0.5009734659876445,0.0,0.0,0.0,0.0,collection,1,0,0.0025783279561574,0.6179246215551645,0.1646211974802886,0.0,0.3810138412254126,38.10138412254126,0,LOW,1,MEDIUM,MONITOR
1.0356188121759655,0.0,0.9080507479879848,5.0,2.0,0.1750222847548884,2.5,1.0062827623194488,0.7,0.9604960562275856,0.0,0.8,0.0,0.0,0.0,0.0,network_burst,1,1,-0.0064245254790613,0.6387036010336183,0.1299376662584777,0.2,0.4237713971331095,42.37713971331095,0,LOW,1,MEDIUM,MONITOR
6.186136669709718,0.0,6.0,6.0,2.0,2.5,2.5,1.04913500013206,0.0,2.1097671337795134,0.8,0.8,0.0,0.0,0.0,0.0,lateral_movement,1,1,-0.0774070991343355,0.8025344855330656,0.2283697239213429,0.4,0.5784863980235219,57.84863980235219,0,MEDIUM,1,HIGH,ESCALATE
0.9001136258517889,0.0,1.0538485162596445,7.0,3.0,0.169033230005825,0.0,1.0882152569529395,0.9,1.0253278435394964,0.9652476724328114,0.9,0.0,0.0,0.0,0.0,discovery,1,1,-0.0116616713788104,0.6507911628227335,0.1647519729642929,0.6,0.5191231327935767,51.91231327935767,0,MEDIUM,1,HIGH,ESCALATE
4.125015231461992,0.0,2.7032579004772206,0.0,0.0,2.5,0.0,1.0698817685846147,0.0,1.0601927707283354,0.8,0.0,0.0,0.0,0.0,0.0,process_burst,1,0,0.0814822601296787,0.4358108951460361,0.0851272902618551,0.0,0.2609778148957837,26.09778148957837,0,LOW,0,LOW,ALLOW
1.0508543029875783,0.0,1.0052121053772043,5.0,2.0,0.163408173905965,2.5,1.0897290997425282,0.7,1.0612381930889452,0.0,0.8,0.0,0.0,0.0,0.0,network_burst,1,1,-0.0036311012331118,0.6322562557004007,0.1350560679443909,0.2,0.4215049576213181,42.15049576213181,0,LOW,1,MEDIUM,MONITOR
1.0,0.0,1.0,0.0,0.0,0.1667,0.0,1.0,0.0,1.0,0.0,0.0,0.0,0.0,0.0,0.0,normal,0,0,0.2703048930477036,0.0,0.0101463969020613,0.0,0.0025365992255153,0.2536599225515336,0,LOW,0,LOW,ALLOW
1.0,0.0,1.0,0.0,0.0,0.1667,0.0,1.0,0.0,1.0,0.0,0.0,0.0,0.0,0.0,0.0,normal,0,0,0.2703048930477036,0.0,0.0101463969020613,0.0,0.0025365992255153,0.2536599225515336,0,LOW,0,LOW,ALLOW
1.0,0.0,1.0,0.0,0.0,0.1667,0.0,1.0,0.0,1.0,0.0,0.0,0.0,0.0,0.0,0.0,normal,0,0,0.2703048930477036,0.0,0.0101463969020613,0.0,0.0025365992255153,0.2536599225515336,0,LOW,0,LOW,ALLOW
42.1012123946653,1.022621883798828,5.4169496801721895,1.0855336804908444,0.9529148555642524,2.269780104195096,0.1536390363787717,0.7,0.954781233721209,13.598429998493186,0.318591791780834,0.9385883472986964,0.0,0.0,0.0,0.0,collection,1,1,-0.0787096284492063,0.8055407801593791,0.2807603588989023,0.2,0.5532375188123841,55.323751881238415,0,MEDIUM,1,HIGH,ESCALATE
2.0,0.0,1.0,0.0,0.0,0.3333,0.0,0.5,0.0,2.0,0.0,0.0,0.0,0.0,0.0,0.0,normal,0,0,0.1835552533983478,0.2002219624042369,0.0353935922578223,0.0,0.1189704773867859,11.897047738678593,0,LOW,0,LOW,ALLOW
2.7195554659482086,0.0,5.0,0.0,0.0,2.0,0.0,0.9396235482824182,0.0,6.0,0.0,0.0,0.0,0.0,0.0,0.0,collection,1,0,0.0439440018331031,0.5224508370726805,0.0638134133096852,0.0,0.3033013137173956,30.33013137173956,0,LOW,0,LOW,ALLOW
1.0,0.0,1.0,0.0,0.0,0.1667,0.0,1.0,0.0,1.0,1.0,0.0,0.0,0.0,0.0,0.0,normal,0,0,0.214101498827036,0.1297198919802611,0.0385554878111522,0.0,0.0809848125419316,8.098481254193167,0,LOW,0,LOW,ALLOW
2.3775087313517136,0.0,1.0591590009610623,0.0,0.0,2.0,2.0,1.002151297349703,0.0,1.043403894552578,0.0,0.0,0.0,0.0,0.0,2.0,ioc_activity,1,0,0.0828819925025211,0.4325802516106387,0.0469453175875178,0.0,0.2496554677827308,24.96554677827308,0,LOW,0,LOW,ALLOW
0.9390991654793176,0.0,0.9958834149611784,7.0,3.0,0.1730480011635468,0.0,0.9823686880601948,0.9,1.0846693935451626,0.0,0.9,0.0,0.0,0.0,0.0,discovery,1,1,-0.0003806062785591,0.624753971181223,0.1314769721624697,0.2,0.4164839271902901,41.64839271902901,0,LOW,1,MEDIUM,MONITOR
4.0,0.0,4.0,0.0,0.0,0.6667,0.0,1.0,0.0,4.0,1.0,0.0,0.0,0.0,0.0,0.0,normal,0,0,0.1154193385654253,0.3574826338398562,0.0731806846896928,0.0,0.2149106197843441,21.491061978434413,0,LOW,0,LOW,ALLOW
1.0,0.0,1.0,0.0,0.0,0.1667,0.0,1.0,0.0,1.0,0.0,0.0,0.0,0.0,0.0,0.0,normal,0,0,0.2703048930477036,0.0,0.0101463969020613,0.0,0.0025365992255153,0.2536599225515336,0,LOW,0,LOW,ALLOW
2.3389072320227715,0.0,0.9419521321226828,0.0,0.0,2.0,2.0,1.0918052768024886,0.0,1.0429833778529836,0.0,0.0,0.0,0.0,0.0,2.0,ioc_activity,1,0,0.0859385360181466,0.4255256154951904,0.0534606927580771,0.0,0.247404261711874,24.740426171187405,0,LOW,0,LOW,ALLOW
0.0,1.0,0.0,1.0,1.0,0.0,0.1667,0.0,1.0,0.0,0.0,1.0,0.0,0.0,0.0,0.0,normal,0,0,0.1598718838192029,0.2548842152118358,0.2001229511219563,0.0,0.1902170561469988,19.021705614699883,0,LOW,0,LOW,ALLOW
1.0,0.0,1.0,0.0,0.0,0.1667,0.0,1.0,0.0,1.0,0.0,0.0,0.0,0.0,0.0,0.0,normal,0,0,0.2703048930477036,0.0,0.0101463969020613,0.0,0.0025365992255153,0.2536599225515336,0,LOW,0,LOW,ALLOW
1.0,0.0,1.0,0.0,0.0,0.1667,0.0,1.0,0.0,1.0,0.0,0.0,0.0,0.0,0.0,0.0,normal,0,0,0.2703048930477036,0.0,0.0101463969020613,0.0,0.0025365992255153,0.2536599225515336,0,LOW,0,LOW,ALLOW
2.0,0.0,2.0,0.0,0.0,0.3333,0.0,1.0,0.0,2.0,1.0,0.0,0.0,0.0,0.0,0.0,normal,0,0,0.1580166034245777,0.2591662835054155,0.0369327079422005,0.0,0.1517746329135287,15.177463291352868,0,LOW,0,LOW,ALLOW
16.177477472440845,0.0,9.7644630009958,0.0,0.0,2.5,0.0,0.8,0.0,4.170606557049359,0.8,0.0,0.0,0.0,0.0,0.0,process_burst,1,1,-0.0204855166338978,0.6711569835923191,0.2285029077715176,0.2,0.466262067918655,46.6262067918655,0,MEDIUM,1,MEDIUM,MONITOR
4.127988995389692,0.0,2.039770723431974,7.0,3.0,0.6400682567650845,0.0,0.4859666293666611,0.9,3.636770599472112,0.4852212493565124,0.9,0.0,0.0,0.0,0.0,discovery,1,1,-0.0132716168748383,0.6545069874403515,0.1986632841542752,0.4,0.4896446641307622,48.96446641307622,0,MEDIUM,1,MEDIUM,MONITOR
2.3175254023398875,0.0,1.078541215742118,0.0,0.0,2.0,2.0,0.9848672857846024,0.0,1.0830793874179263,0.0,0.0,0.0,0.0,0.0,2.0,ioc_activity,1,0,0.0818009119960027,0.435075432701961,0.0470280337769056,0.0,0.2510484964303049,25.104849643030494,0,LOW,0,LOW,ALLOW
1.0,0.0,1.0,0.0,0.0,0.1667,0.0,1.0,0.0,1.0,0.0,0.0,0.0,0.0,0.0,0.0,normal,0,0,0.2703048930477036,0.0,0.0101463969020613,0.0,0.0025365992255153,0.2536599225515336,0,LOW,0,LOW,ALLOW
